"Jl. Kol. Yos Sudarso No.8, Silalas, Kec. Medan Bar., Kota Medan, Sumatera Utara 20234, Indonesia"
"Jl. Imam Bonjol No. 7, Petisah Tengah, Medan Petisah"
"Jl. Kol. Yos Sudarso, M A B A R, Kec. Medan Deli, Kota Medan, Sumatera Utara 20231, Indonesia"
"Jl. Jamin Ginting No.681, Titi Rantai, Kec. Medan Baru"
"Jl. Jamin Ginting No.681, Titi Rantai, Kec. Medan Baru,"
"Jl. Jamin Ginting No.681, Titi Rantai, Kec. Medan Baru, Kota Medan, Sumatera Utara 20157"
"Jl. Diponegoro No.12A-B,Lubuk Pakam, Kota Medan, Sumatra Utara"
"Jl. Diponegoro No.12A-B,Lubuk Pakam, Kabupaten Deli Serdang, Sumatra Utara"
"Jl. Diponegoro No.12A-B,Lubuk Pakam, Kabupaten Deli Serdang, Sumatra Utara"
"Jl. Veteran No.29, Tambak Lau Mulgap I, Kec. Berastagi, Kabupaten Karo,"
"Jl. Veteran No.29, Tambak Lau Mulgap I, Kec. Berastagi, Kabupaten Karo,"
"Jl. Veteran No. 92 - 96, Kabanjahe,, Kabupaten Karo, Sumatra Utara"
"Jl. Veteran No. 92 - 96, Kabanjahe,, Kabupaten Karo, Sumatra Utara"
"Jl. Veteran No. 92 - 96, Kabanjahe, , Kabupaten Karo, Sumatra Utara"
"Jl. Perniagaan No.327, Kesawan, Kec. Medan Bar., Kota Medan, Sumatera Utara 20212, Indonesia"
"Jl. Pulau Pinang, Kesawan, Kec. Medan Bar., Kota Medan, Sumatera Utara 20212"
"Jl. Perniagaan No.327, Kesawan, Kec. Medan Bar., Kota Medan, Sumatera Utara 20212, Indonesia"
"Jl. Setia Budi, Tj. Rejo, Kec. Medan Sunggal, Sumatra Utara"
"Jl. Setia Budi, Tj. Rejo, Kec. Medan Sunggal, Kota Medan, Sumatera Utara 20122"
"Jl. Brigjen Zain Hamid No. 28, Titi Kuning, Medan Johor,"
"Jl. Brigjen Zain Hamid No. 28, Titi Kuning, Medan Johor,"
"Suzuya Plaza Blok A 3-4, Jl. Raya Tanjung Morawa Km 17,5"
"Suzuya Plaza Blok A 3-4, Jl. Raya Tanjung Morawa Km 17,5"
"Suzuya Plaza Blok A 3-4, Jl. Raya Tanjung Morawa Km 17,5"
"Jl. Putri Hijau No.10m, Kesawan, Kec. Medan Bar., Kota Medan, Sumatera Utara 20111, Indonesia"
"Jl. Putri Hijau No.10, Kesawan, Kec. Medan Bar., Kota Medan,"
"Jl. Veteran No. 1 GH, Medan, Sumatera Utara, 20321"
"Jl. Veteran No.27, Gg. Buntu, Kec. Medan Tim., Kota Medan, Sumatera Utara 20212, Indonesia"
"Jl. Bandara Kuala Namu, Ps. Enam Kuala Namu, Kabupaten Deli Serdang,"
"Jl. Gatot Subroto No.139, Sei Sikambing D, Kec. Medan Petisah,"
"Jl. J. Gatot Subroto, Petisah Tengah, Kec. Medan Petisah"
"Jl. Gatot Subroto No.139, Sei Sikambing D, Kec. Medan Petisah, Kota Medan, Sumatera Utara 20118, Indonesia"
"Jl. Karya Wisata, Pangkalan Masyhur, Kec. Medan Johor"
"Jl. Karya Wisata, Pangkalan Masyhur, Kec. Medan Johor"
"Jl. Karya Wisata, Pangkalan Masyhur, Kec. Medan Johor"
"Jl. Karya No.169, Karang Berombak, Kec. Medan Bar., Kota Medan, Sumatera Utara 20117, Indonesia"
"Jl. Karya No.169, Karang Berombak, Kec. Medan Bar., Kota Medan, Sumatera Utara 20117, Indonesia"
"Jl. Karya No.169, Karang Berombak, Kec. Medan Bar., Kota Medan, Sumatera Utara 20117, Indonesia"
"Jl. Imam Bonjol No.16D, Petisah Tengah, Kec. Medan Petisah, Kota Medan, Sumatera Utara 20112"
"Jl. Gatot Subroto No.143, Petisah Tengah, Kec. Medan Petisah, Kota Medan, Sumatera Utara 20111, Indonesia"
"Jl. J. Gatot Subroto, Petisah Tengah, Kec. Medan Petisah,"
"Jl. Denai No.245, Tegal Sari Mandala Ii, Kec. Medan Denai"
"Jalan Medan Batang Kuis No.49, Dusun Enam,, Sumatra Utara"
"Jl. Pahlawan Deli Tua- Medan No.15, Deli Tua, Sumatra Utara"
"Jl. Pahlawan Deli Tua-Medan No. 15, Deli Tua, Kec. Deli Tua Kab, Deli Serdang"
"Jl. Jamin Ginting, Sugau, Kec. Pancur Batu, Kabupaten Deli Serdang,"
"Jl. Kirana Raya No. 40-42, Petisah Tengah, Sumatra Utara"
"Jl. Kirana Raya No. 40-42, Petisah Tengah, Sumatra Utara"
"Jl. Pertahanan No.87, Timbang Deli, Kec. Medan Amplas, Kota Medan, Sumatera Utara 20149, Indonesia"
"Jalan Besar Tigabinanga, Kecamatan Tigabinanga, Kabupaten Karo, Sumatera Utara 22162, Tigabinanga, Tiga Bina"
"Jl. Karya Jaya No.256A, Gedung Johor, Kec. Medan Johor, Kota Medan,"
"Jl.Cactus Raya Blok K No. 36 G Komplek Tasbih, Sumatra Utara"
"Jl.Cactus Raya Blok K No. 36 G Komplek Tasbih, Sumatra Utara"
"Jl.Cactus Raya Blok K No. 36 G Komplek Tasbih, Sumatra Utara"
"Jl. Pdam Tirtanadi Sunggal,No 267, Kota Medan, Sumatra Utara"
"Jl. Kapten Pala Bangun No.84, Lau Cimba, Kabanjahe, Kabupaten Karo, Sumatera Utara 22111, Indonesia"
"Jl. Bakaran Batu No.31 , Tj. Garbus Satu, Lubuk Pakam,"
"Jl. Bajak Ii No. A3 Kel, Harjosari Ii, Kota Medan, Sumatra Utara"
"Jl. Letjen S Parman No.207de, RT.02, Babura, Kec. Medan Baru, Kota Medan, Sumatera Utara 20153, Indonesia"
"Jl. Balai Kota No.12-14, Kesawan, Kec. Medan Bar., Kota Medan, Sumatera Utara 20111, Indonesia"
"Bank Mandiri Medan Balai Kota, Kesawan, Kec. Medan Bar., Kota Medan, Sumatera Utara, Indonesia"
"Bank Mandiri Medan Balai Kota, Kesawan, Kec. Medan Bar., Kota Medan, Sumatera Utara, Indonesia"
"Bank Mandiri Medan Balai Kota, Kesawan, Kec. Medan Bar., Kota Medan, Sumatera Utara, Indonesia"
"Komplek Bsm Jl. Soekarno Hatta No.14 Binjai, Sumatra Utara"
"Jl. Jend Sudirman No 397 Binjai, Kota Binjai, Sumatra Utara"
"Jl. Perintis Kemerdekaan No. 5-5A, Kota Medan, Sumatra Utara"
"Jl. Perintis Kemerdekaan No.5, Gaharu, Kec. Medan Tim., Kota Medan, Sumatera Utara 20231, Indonesia"
"Jl. Arief Rahman Hakim No.104, Sukaramai I, Kec. Medan Area, Kota Medan, Sumatera Utara 20216"
Jalan Arief Rahman Hakim No. 104 Kel.  Tegal Sari I Kec. Medan Area
"Jl. Arief Rahman Hakim No.62a, Sukaramai I, Kec. Medan Area, Kota Medan, Sumatera Utara 20227, Indonesia"
"Jl. Cirebon, Ps. Baru, Kec. Medan Kota, Kota Medan, Sumatera Utara 20212, Indonesia"
"Jl. Cirebon No.53, Ps. Baru, Kec. Medan Kota, Kota Medan, Sumatera Utara 20212, Indonesia"
"Jl Sultan Iskandar Muda No. 29 Abc, Kel. Merdeka, Kec. Medan Baru, 20153"
"Jl Sultan Iskandar Muda No. 29 Abc, Kel. Merdeka, Kec. Medan Baru, 20153"
"Jl. Iskandar Muda No.135B, Sei Sikambing D, Kec. Medan Petisah, Kota Medan, Sumatera Utara 20111, Indonesia"
"Jl. Kapten Muslim No.115a, Dwi Kora, Kec. Medan Helvetia, Kota Medan, Sumatera Utara 20122, Indonesia"
"Jl. Kapten Muslim Komp. Mega Com No 1 A, Sumatra Utara"
"Jl. Kapten Muslim No.115a, Dwi Kora, Kec. Medan Helvetia, Kota Medan, Sumatera Utara 20122, Indonesia"
"Jl. Sisingamangaraja No. 55 A-B, Kota Medan, Sumatra Utara"
"Jl. Sisingamangaraja No. 55 A-B, Kota Medan, Sumatra Utara"
"Jl. Sisingamangara No. 55 A-B Medan, Kota Medan, Sumatra Utara"
"Jl.Gatot Subroto Km 8 N0.15 - 16 Medan, Kota Medan, Sumatra Utara"
"Jl. Gagak Hitam No.70, Sei Sikambing B, Kec. Medan Sunggal, Kota Medan, Sumatera Utara 20122, Indonesia"
"Jl. Jend.Gatot Subroto KM.8 No. A 15-16 Kel. Sunggal, Kec. Medan Sunggal"
"Jl. Wahidin No.42, Pandau Hulu I, Kec. Medan Kota, Kota Medan, Sumatera Utara 20233, Indonesia"
"Jl. Wahidin No.42, Pandau Hulu I, Kec. Medan Kota, Kota Medan, Sumatera Utara 20233, Indonesia"
"Jl. Dr. Mansyur No.68, Merdeka, Kec. Medan Baru, Kota Medan, Sumatera Utara 20154, Indonesia"
"Jl. Gunung Krakatau No.118a, Glugur Darat I, Kec. Medan Tim., Kota Medan, Sumatera Utara 20236, Indonesia"
"Jl. Gunung Krakatau No.118a, Glugur Darat I, Kec. Medan Tim., Kota Medan, Sumatera Utara 20236, Indonesia"
"Jl. Krakatau No. 60/120 Medan, 20238 Sumatera Utara"
"Jl. Semarang No.46f, RW.02, Ps. Baru, Kec. Medan Kota, Kota Medan, Sumatera Utara 20212, Indonesia"
"Jl. Ring Road, Komp. Mega Busines Centre No. 3, Sumatra Utara"
"Jl. Ringroads Komplek Mega Bisnis Center No.3, Sumatra Utara"
Jl. Marelan Raya Komplek Ruko Irian Supermarket No.6-7
Jl. Marelan Raya Komplek Ruko Irian Supermarket No.6-7
"Komplek Pertamina Sumbagut, Desa Puraka I, Sei Lepan"
"Komp.Pertamina Sumbagut Pb20857, Kota Medan, Sumatra Utara"
"Jl. Thamrin No.75R, Sei Rengas II, Kec. Medan Kota, Kota Medan, Sumatera Utara 20211, Indonesia"
"Komplek Pertamina Sumbagut, Pangkalan Brandan, Sumatra Utara"
"Jl. Lintas Sumatra, Tangkahan Durian, Brandan Bar., Kabupaten Langkat, Sumatera Utara 20859, Indonesia"
"Komplek Pertamina Sumbangut Pangkalan Brandan, Sumatra Utara"
"Jl. Kh Zainul Arifin No. 32, Stabat, Kota Medan, Sumatra Utara"
"Jl. KH. Zainul Arifin No.32, Kwala Bingai, Kec. Stabat, Kabupaten Langkat, Sumatera Utara 20811, Indonesia"
"Jl.Kh.Zainul Arifin No.6-8 Stabat, Kota Medan, Sumatra Utara"
"Jl. Cemara Boulevard Blok G.I No. 29 - 31, Sumatra Utara"
"Jl. Boulevard Blok G 29-31, Komp. Cemara Asri Medan"
"Jl. Mesjid No.184, Sampali, Kec. Percut Sei Tuan, Kabupaten Deli Serdang, Sumatera Utara 20371, Indonesia"
"Bank Mandiri Mangkubumi, Kesawan, Kec. Medan Bar., Kota Medan, Sumatera Utara, Indonesia"
"Jl. Pulau Batam Kawasan Industri Medan, Sumatra Utara"
"Jl. Pelabuhan II Kotak Pos 15, Belawan II, Medan Belawan, Belawan II, Medan Kota Belawan, Kota Medan, Sumate"
"Jl. Pelabuhan II Kotak Pos 15, Belawan II, Medan Belawan, Belawan II, Medan Kota Belawan, Kota Medan, Sumate"
"Jl. Pelabuhan II Kotak Pos 15, Belawan II, Medan Belawan, Belawan II, Medan Kota Belawan, Kota Medan, Sumate"
"Jln. Pelabuhan Ii No. 1 Kel. Belawan Ii, Sumatra Utara"
"Jl. Gatot Subroto No.39 Kec. Binjai Barat, Sumatra Utara"
"Jl. Gadjah Mada No.8A, Kec Pekan Kuala, Sumatra Utara"
"EF Jl. Gunung Krakatau No.7, Pulo Brayan Darat II, Kec. Medan Tim., Kota Medan, Sumatera Utara 20216, Indones"
"Jl. Gunung Krakatau, Pulo Brayan Darat II, Kec. Medan Tim., Kota Medan, Sumatera Utara 20237, Indonesia"
"Jl.Nusa Indah Raya No.56 Helvetia Tengah Medan, Sumatra Utara"
"Jl. Jendral Sudirman No.292, Binjai, Kec. Binjai Kota, Kota Binjai, Sumatera Utara 20711, Indonesia"
"Jl. Berdikari No. 10 Pekan Bahorok, Kota Medan, Sumatra Utara"
"Jl. Secanggang, Hinai Kiri, Secanggang, Kabupaten Langkat, Sumatera Utara 20855, Indonesia"
"Jl. Pusat Pasar No.94-95, Pusat Ps., Kec. Medan Kota, Kota Medan, Sumatera Utara 20216, Indonesia"
"Jl. Pusat Pasar No.94-95, Pusat Ps., Kec. Medan Kota, Kota Medan, Sumatera Utara 20232, Indonesia"
"Jl.Besar Batang Serangan, Tj.Selamat Padang Tualang"
"Jalan Besar Tanjung Pura Langkat, Kabupaten Langkat, Sumatra Utara"
"Pekan Besitang, Jl. Raya Medan - Aceh, Kabupaten Langkat, Sumatra Utara"
"Jl. Tengku Amir Hamzah, Griya Bidadari No. 3, Sumatra Utara"
"Jl. Asia No.97CD, Sei Rengas II, Kec. Medan Area, Kota Medan, Sumatera Utara 20211, Indonesia"
"Jl. Asia No.97CD, Sei Rengas II, Kec. Medan Area, Kota Medan, Sumatera Utara 20211, Indonesia"
"Jl. Asia No.97CD, Sei Rengas II, Kec. Medan Area, Kota Medan, Sumatera Utara 20211, Indonesia"
"Jl. Letda Sujono No.221, Bantan Tim., Kec. Medan Tembung, Kota Medan, Sumatera Utara 20223, Indonesia"
"Jl. Letda Sujono No.221, Bantan Tim., Kec. Medan Tembung, Kota Medan, Sumatera Utara 20223, Indonesia"
"Jl. Yos Sudarso Blok  A No.1A, Pulo Brayan, Sumatra Utara"
"Jl. Yos Sudarso Blok A No. 1 A Medan, Kota Medan, Sumatra Utara"
"Jl. Yos Sudarso Blok  A No.1A, Pulo Brayan, Sumatra Utara"
"Jl. Jendral Sudirman No 14 Pematangsiantar, Sumatra Utara"
"Jl. Jendral Sudirman No 14 Pematangsiantar, Sumatra Utara"
"Jl. Jendral Sudirman No 14 Pematangsiantar, Sumatra Utara"
"Jl. Jendral Sudirman No 14 Pematangsiantar, Sumatra Utara"
"Jl. Jendral Sudirman No 14 Pematangsiantar, Sumatra Utara"
"Jl. Jendral Sudirman No 14 Pematangsiantar, Sumatra Utara"
"Jl. Jendral Sudirman No 14 Pematangsiantar, Sumatra Utara"
"Jl. Patuan Nagari No.10, Balige, Kota Balige, Sumatra Utara"
"Jl. Patuan Nagari No.10, Sangkar Nihuta, Balige, Kabupaten Toba Samosir, Sumatera Utara 22312, Indonesia"
"Komp.Mega Land Jl.Asahan Sangnawaluh No.50-51  , Sumatra Utara"
"Komp.Mega Land Jl.Asahan Sangnawaluh No.50-51  , Sumatra Utara"
"Komp.Mega Land Jl.Asahan Sangnawaluh No.50-51  , Sumatra Utara"
"Jl.Merdeka No. 140, Dolok Sanggul, Kabupaten Humbang Hasundutan, Sumatra Utara"
Jl Merdeka Dolok Sanggul No 52 Kab Humbang Hasundutan
"Jl. Diponegoro No.118ab, Ilir, Gn. Sitoli, Kota Gunungsitoli, Sumatera Utara, Indonesia"
"Jl. Diponegoro No.118ab, Ilir, Gn. Sitoli, Kota Gunungsitoli, Sumatera Utara, Indonesia"
"Jl. Diponegoro No.118ab, Ilir, Gn. Sitoli, Kota Gunungsitoli, Sumatera Utara, Indonesia"
"Jl. Sutomo No. 16, Pematangsiantar, Kota Pematang Siantar, Sumatra Utara"
"Jl. Sutomo No. 16, Pematangsiantar, Kota Pematang Siantar, Sumatra Utara"
"Jl. Sutomo No 16 Pematangsiantar, Kota Pematang Siantar, Sumatra Utara"
"Jl. Sutomo No.16 Pematangsiantar, Kota Pematang Siantar, Sumatra Utara"
"Jl. Sutomo No.20, Simalungun, Kec. Siantar Sel., Kota Pematang Siantar, Sumatera Utara 21144, Indonesia"
"Jl Sisingamangaraja No 488 Perdagangan, Sumatra Utara"
"Jl Sisingamangaraja No 488 Perdagangan, Kabupaten Simalungun, Sumatra Utara"
"Jl Sisingamangaraja No 488 Perdagangan, Sumatra Utara"
"Jl. Dr. Sutomo No. 17, Tebing Tinggi, Kota Tebing Tinggi, Sumatra Utara"
"Jl. Dr. Sutomo No. 17, Tebing Tinggi, Kota Tebing Tinggi, Sumatra Utara"
"Jl. Dr. Sutomo No. 17, Tebing Tinggi, Kota Tebing Tinggi, Sumatra Utara"
"Jl. Dr. Sutomo No. 17, Tebing Tinggi, Kota Tebing Tinggi, Sumatra Utara"
"Jl. Dr. Sutomo No. 17, Tebing Tinggi, Kota Tebing Tinggi, Sumatra Utara"
"Jl. Jend. Sudirman No. 59, Indrapura, Kabupaten Batu Bara, Sumatra Utara"
Jl. Sisingamangaraja No.47 Kel. Pasar Siborong-Borong
"Jl. SM Raja No. 47, Siborong-borong Pasar Siborongborong"
"Jl. Merdeka No. 5C Kel, Serbelawan Kec. Dolok Batu Nanggar, Serbelawan  Kab Simalungun Bank Mandiri Serbela"
"Jl. Ahmad Yani No.43, Ps. Baru, Sibolga Kota, Kota Sibolga, Sumatera Utara 22513, Indonesia"
"Jl. Ahmad Yani No.43, Ps. Baru, Sibolga Kota, Kota Sibolga, Sumatera Utara 22513, Indonesia"
"Jl. Ahmad Yani No.43, Ps. Baru, Sibolga Kota, Kota Sibolga, Sumatera Utara 22513, Indonesia"
"Jl. Ahmad Yani No.43, Ps. Baru, Sibolga Kota, Kota Sibolga, Sumatera Utara 22513, Indonesia"
"Jl. Raya Pekan Sidamanik No. 52, Sidamanik, Sumatra Utara"
"Jl. Sm Raja No.86, Hutatoruan X, Tarutung, Kabupaten Tapanuli Utara, Sumatera Utara 22411, Indonesia"
"Jl. Sm Raja No.14, Tanah Jawa, Kab. Simalungun, Sumatra Utara"
"Jl. Sutomo, Saribudolok, Silimakuta, Kabupaten Simalungun, Sumatra Utara"
"Jl. Medan Km 9,5 Komplek Beringin Indah Kab. Simalungun"
"Jl. Diponegoro, Pardomuan I, Pangururan, Kabupaten Samosir, Sumatera Utara 22392, Indonesia"
Jl. Thamrin-Tebing Tinggi Pasar Gambir Tebing Tinggi
"Jl. Sm Raja No 192 Parluasan, Pematang Siantar  Bank Mandiri Cabang Parluasan"
"Jl. Raya Lintas Tengah Sumatera No 116, Porsea, Kab. Toba Samosir"
Jl. Sutomo Griya Raya Hapoltakan Pematang Raya No 22-21 Kab Simalungun
"Jl. Sisingamangaraja No.160, Kota Sidikalang, Sidikalang, Kabupaten Dairi, Sumatera Utara 22218, Indonesia"
Jl. Perintas Kemerdekaan No 06 Galang Deli Serdang
"Jl. Dusun Iv No. 2 Pagar Merbau Ii, Kabupaten Deli Serdang"
"Jl. Negara No. 88A, Sei Rampah - Sergei, Sumatra Utara"
"Jl. Hang Kesturi No.4, Batu Besar, Kecamatan Nongsa, Kota Batam, Kepulauan Riau 29467, Indonesia"
"mandau city mall, Babussalam, Kec. Mandau, Kabupaten Bengkalis, Riau 28784, Indonesia"
"Jl. Jend. Ahmad Yani No.2, Rantau Prapat, Sumatra Utara"
"Jl. Jend. Ahmad Yani No.2, Rantau Prapat, Sumatra Utara"
"Jl. Jend. Ahmad Yani No. 2, Bakaran Batu, Rantau Selatan, Pulo Padang, Rantau Utara, Kabupaten Labuhan Batu, S"
"Jl. Ahmad Yani No.49, Tj. Balai Karimun, Kec. Karimun, Kabupaten Karimun, Kepulauan Riau 29661, Indonesia"
"Jl. Teuku Umar No. 169-173, Tanjung Balai Selatan, Sumatra Utara"
"Jl. Teuku Umar No. 169-173, Tanjung Balai Selatan, Sumatra Utara"
"Jl. Jend Sudirman No 30-32, Padang Sidempuan, Sumatra Utara"
"Jl. Jend. Sudirman No. 30-32, Padang Sidempuan, Sumatra Utara"
"Jl. Jend. Sudirman No.30-32, Padang Sidempuan, Sumatra Utara"
"Jl. Jend Sudirman No 30-32, Padang Sidempuan, Sumatra Utara"
"Jl. Hos Cokroaminoto No.65, Kisaran, Kabupaten Asahan, Sumatra Utara"
"Jl.Hos Cokroaminoto No. 65 Kisaran, Kabupaten Asahan, Sumatra Utara"
"Jl. Cokro Aminoto No.73, Kisaran Kota, Kec. Kota Kisaran Barat, Kabupaten Asahan, Sumatera Utara 21211, Indon"
"Jl. Cokro Aminoto No.65, Sei Renggas, Kec. Kota Kisaran Barat, Kabupaten Asahan, Sumatera Utara 41311, Indone"
"Jl. Letkol. Martinus Lubis No.11, Kota Rantau Prapat, Sumatra Utara"
"Jl. Letkol. Martinus Lubis No.11 , Kabupaten Labuhanbatu, Sumatra Utara"
"Jl. Letkol Martinus Lubis No. 11, Rantau Prapat, Sumatra Utara"
"Jl. Merdeka No. 101, Kel. Pasar Sipirok, Sipirok, Sumatra Utara"
"Jl. Ahmad Yani No.24, Kec. Bilah Hulu, Aek Nabara, Sumatra Utara"
"Jl. Lintas Sumatra Labuhan Batu No.25, Kp Pajak, Sumatra Utara"
"Jl. Protokol Negeri Lama No.85, Bilah Hilir, Negeri Lama"
"Jl. Lintas Sumatera No.28, Sei Piring, Kec. Rehuning, Asahan"
"Jl. Jend. Sudirman No. 250, Aek Kanopan Timur, Kualuh Hulu"
"Jl. Jend. Sudirman No. 250, Aek Kanopan Timur, Kualuh Hulu"
"Jl.Jend. Gatot Subroto No.52, Rantau Prapat, Sumatra Utara"
"Jl. S. Parman No.177, Kel. Sidorejo, Kec. Rantau Selatan, Rantau Prapat"
"Jl. Merdeka No.56, Kel. Pasar Gunung Tua, Kec. Padang Bolak"
"Jl. Jend. Sudirman No.34 Kel. Wek Ii, Padang Sidempuan Utara"
"Jl. Lintas P.Sidempuan - Sibolga, Km.25, Desa Sumuran Kec. Batang Toru"
"Jl. Raya Lintas Sumatera No. 138 - 140, Aek Batu, Torgamba, Cikampak"
"Jl. Raya Lintas Sumatera No. 138 - 140, Aek Batu, Torgamba, Cikampak"
"Jl. Willem Iskandar No. 105, Panyabungan, Sumatra Utara"
"Jl. Willem Iskandar No.105, Panyabungan, Sumatra Utara"
"Jl. Willem Iskandar No. 105, Panyabungan, Sumatra Utara"
"Jl. Kihajar Dewantara, No. 30, Sibuhuan, Kec.Barumun"
"Psr Sibuhuan, Barumun, Padang Lawas Regency, North Sumatra 22763, Indonesia"
"Tlk. Bano I, Kec. Bangko Pusako, Kabupaten Rokan Hilir, Riau 28912, Indonesia"
"Tlk. Bano I, Kec. Bangko Pusako, Kabupaten Rokan Hilir, Riau 28912, Indonesia"
"Jl. Karangsari Anyer Gunung Maligas , Kabupaten Simalungun, Sumatra Utara"
Komplek Taman Setia Budi Indah Jln. Crysant V Blok C No. 1
"Jl. H. Adam Malik No.11, Sekip, Kec. Medan Petisah, Kota Medan,"
"Jl. Brigjend Katamso No.710, Kp. Baru, Kec. Medan Maimun, Kota Medan,"
"Jl. Raya Medan Lubuk Pakam Km. 20, Tanjung Morawa Lubuk Pakam, Sumatera Utara"
"Jl. Lintas Sumatera Kec. Air Batu,Desa Hessa, Sumatra Utara"
"Jl. Diponegoro No. 2, Kel. Pancuran Gerobak, Sibolga"
"Jl. Brigjend Katamso Pantai Burung 3 No.36, Sei Mati, Kec. Medan Maimun, Kota Medan, Sumatera Utara 20215,"
"Jl Pergubungan, Laut Dendang, Percut Sei Tuan, Deli Serdang, Sumatera Utara"
"Jl.Jend. Gatot Subroto Km. 4,5 Sei Kambing, Sumatra Utara"
"Jl. Sisingamangaraja No.7, Mesjid, Medan Kota, Kota Medan, Sumatera Utara 20212"
"Kel. Bah Jambi, Kec. Hutabayuraja, Kab. Simalungun"
"Jl. Pendeta Justin Sihombing, Merdeka, Siantar Tim., Kota Pematang Siantar, Sumatera Utara 21143"
"Jalan Dr Sutomo No 21 Pahlawan, Binjai Utara, Sumatra Utara"
"Jl.Lintas Sumatera Km.13 Desa Air Genting, Simpang Kawat, Kisaran"
"Jl. Krakatau Ujung No.18, Tj. Mulia, Kec. Medan Deli, Kota Medan, Sumatera Utara 20237, Indonesia"
"Jl. Imam Bonjol No.33, J A T I, Kec. Medan Maimun, Kota Medan, Sumatera Utara 20151, Indonesia"
"Jl. Gaperta No.206-200, Helvetia, Kec. Medan Helvetia, Kota Medan, Sumatera Utara 20123, Indonesia"
"Jl. Sei Batang Hari No.35, Babura Sunggal, Kec. Medan Sunggal, Kota Medan, Sumatera Utara 20112, Indonesia"
"Jln. Jend. Gatot Subroto Km. 5,5 Medan, Sumatra Utara"
"Jl. Gabion, Bagan Deli, Medan Kota Belawan, Kota Medan, Sumatera Utara"
"Pabatu, Serdang Bedagai, Kab. Sergei, Kota Tebing Tinggi, Sumatra Utara"
"Jl. Sisingamangaraja No.11, Km.4, Padang Sidempuan"
"Jl. Darussalam No.12, Sei Sikambing D, Medan Petisah, Kota Medan, Sumatera Utara 20119"
"Kp. Klp. Satu, Galang, Kabupaten Deli Serdang,, Sumatra Utara"
"Jln. Bandar Klippa, Percut Sei Tuan, Amplas, Sumatra Utara"
"Jl. Hang Jebat, Batu Besar, Kecamatan Nongsa, Kota Batam, Kepulauan Riau 29465, Indonesia"
"Jl. Jend. Ahmad Yani No.10, Rantau Prapat, Sumatra Utara"
"Mandoge, Kec. Bandar Pasir Mandoge, Kab. Asahan, Sumatra Utara"
"Jl. Lintas Sumatera, Ptpn Iv, Pulu Raja, Aek Batu, Sumatra Utara"
"Jl. Melanton Siregar Pematangsiantar, Kota Pematang Siantar, Sumatra Utara"
"Simpang Tiga Pekan, Perbaungan, Serdang Bedagai Regency,"
"Jl. Sei Mencirim Dusun Ii Paya Geli No.86, Sumatra Utara"
"Jl. Gatot Subroto Simpang Jl Ayahanda Medan, Sumatra Utara"
"Jl. Karya Jaya No.174, Gedung Johor, Kec. Medan Johor, Kota Medan, Sumatera Utara 20147, Indonesia"
"Jl. Veteran No.99, Helvetia, Kec. Labuhan Deli, Kabupaten Deli Serdang, Sumatera Utara 20241, Indonesia"
"Jl. Amal Luhur No.30, Dwi Kora, Kec. Medan Helvetia, Kota Medan, Sumatera Utara 20123, Indonesia"
"Jln. Jamin Ginting Km. 11,5 Simpang Selayang, Sumatra Utara"
Jl. Sangnawaluh Kel. Kerasaan I Kec. Pematang Bandar Kerasaan Pematangbandar Simalungun
"Jl. Darussalam, Babura, Kec. Medan Baru, Kota Medan,"
"Jl. Gaperta Ujung No. 33 Rt.Rw Kel, Tj. Gusta, Kec. Medan Helvetia, Kota Medan, Sumatera Utara 20125, Indonesi"
"Jl. Bandara Kuala Namu, Ps. Enam Kuala Namu, Kabupaten Deli Serdang,"
"Jalan Utama Dusun Vii Kec. Batangkuis, Kabupaten Deli Serdang, Sumatra Utara"
"Jl. Sekip No.58 G, Sekip, Kec. Medan Petisah, Kota Medan, Sumatera Utara 20113, Indonesia"
"Jl. St. No.7, Belawan II, Medan Kota Belawan, Kota Medan, Sumatera Utara 20411, Indonesia"
"Jl. Sisingamangaraja Sudut, Medan Amplas, Sitirejo Ii, Kec. Medan Amplas, Kota Medan,"
"Jl. Listrik No.2A, Petisah Tengah, Kec. Medan Petisah"
"Jl. Rawa No.9, Timbang Deli, Kec. Medan Amplas, Kota Medan, Sumatera Utara 20148, Indonesia"
"Jl. Fl. Tobing No 79 Pandan Tapanuli Tengah, Sumatra Utara"
"Jl. Denai No.217, Tegal Sari Mandala II, Kec. Medan Denai, Kota Medan, Sumatera Utara 20371, Indonesia"
"Sei Kopas, Kec. Bandar Pasir Mandoge, Kab. Asahan, Sumatra Utara"
"Ptpn Iv Ajamu, Desa Perkebunan Ajamu, Kec.Panai Hulu, Labuhanbatu"
"Jl. Nagori Panombena Hutahurung, Bah Birong Ulu, Jorlang Hantaran Kabupaten Simalungun"
"Jl. Platina Raya No. 108. Medan, Kota Medan, Sumatra Utara"
Jl. Jend. Sudirman No. 14 Pematangsiantar 21117 Sumatera Utara
"Jl. Jend Sudirman No 30-32, Padang Sidempuan, Sumatra Utara"
"Jl. Imam Bonjol No.7, Petisah Tengah, Kec. Medan Petisah, Kota Medan, Sumatera Utara 20152, Indonesia"
"Jl. Balaikota No. 8-10 Medan 20111, Kota Medan, Sumatra Utara"
"Jl. Balaikota No. 8-10 Medan 20111, Kota Medan, Sumatra Utara"
"Jl. Jend. Ahmad Yani No.2, Rantau Prapat, Sumatra Utara"
"Jl. Karya Jaya, Pangkalan Mansyur, Kota Medan, Sumatra Utara"
"Jl. Flamboyan Raya No.66, Tj. Selamat, Kec. Medan Tuntungan, Kota Medan,"
"Jl Sei Mencirim, Desa Suka Maju, Kota Medan, Sumatra Utara"
"Lrg. Sekolah No.1, Belawan I, Medan Kota Belawan, Kota Medan, Sumatera Utara 20411, Indonesia"
"Jl. Mandala By Pass No.52, Bantan Tim., Kec. Medan Tembung, Kota Medan, Sumatera Utara 20223, Indonesia"
"Jl. Garuda Raya No.39, Tegal Sari Mandala II, Kec. Medan Denai, Kota Medan, Sumatera Utara 20371, Indonesia"
"Jl. Halat No.52, Ps. Merah Tim., Kec. Medan Area, Kota Medan, Sumatera Utara 20215, Indonesia"
"Jl. Kh. Dewantara No.129, Kel. Sioldengan, Kec. Rantau Selatan, Rantau Prapat"
"Jl. Ahmad Yani No 206, Pematangsiantar, Kota Pematang Siantar, Sumatra Utara"
"Parbutaran, Bosar Maligas Kabupaten Simalungun, Sumatra Utara"
"Jl. Ngumban Surbakti 79, Sempakata, Kec. Medan Selayang, Kota Medan,"
"Jl. Kh. Dewantara No.129, Kel. Sioldengan, Kec. Rantau Selatan, Rantau Prapat"
"Jln. Rakyat Simpang Pendidikan, Kel. Tegal Rejo, Kec. Medan Perjuangan"
"Desa Sungai Korang, Kecamatan Hutaraja Tinggi, Sumatra Utara"
"Jalan Multatuli Komplek Multatuli Medan, Sumatra Utara"
"Bandar Pinang Kebon, Bintang Bayu, Serdang Bedagai Regency,"
"Jl. Stm, Suka Maju, Medan Johor, Kota Medan,, Sumatra Utara"
"Jln. Menteng Raya No. 7 (Dpn Perum. Menteng Indah) Kel. Medan Tenggara, Kec. Medan Denai"
"Jl. Danau Singkarak No.10J-K-L, Sei Agul, Kec. Medan Bar., Kota Medan, Sumatera Utara 20114, Indonesia"
"Jl. Marindal No.22, Mekar Sari, Kec. Deli Tua, Kabupaten Deli Serdang, Sumatera Utara 20148, Indonesia"
"Jl. Gagak Hitam No.28, Ringroad Medan, Kota Medan, Sumatra Utara"
"Jl.Merdeka Barat Km.2,5, Desa Aek Pining - Batang Toru"
"Jl. Sisingamangaraja No.66 Pematangsiantar, Sumatra Utara"
"Jl. Access Road Inalum No.Desa, Pakam Raya, Medang Deras, Kabupaten Batu Bara, Sumatera Utara 21258"
"Jl.Raya Lintas Sumatera, Kampung Beringin, Desa Asam Jawa, Kota Pinang"
"Jl. Di Panjaitan No. 49,Pematangsiantar, Kota. Siantar"
"Desa Pangarungan, Kec Torgamba, Cikampak, Labuhan Batu Selatan"
"Jl. Kapten Muchtar Basri No.3, Glugur Darat II, Kec. Medan Tim., Kota Medan, Sumatera Utara 20238, Indonesia"
"Bandara Internasional Silangit, Jalan Silangit, Silando Muara, Siborongborong"
"Jl. Veteran No.123, Lumban Tobing, Dolok sanggul, Kabupaten Humbang Hasundutan, Sumatera Utara 22457, Ind"
"Jl. Cut Mutia No.1, Madras Hulu, Medan Polonia, Sumatra Utara"
"Jl. Lintas Sumatera - Desa Sungai Raja, Aek Kota Baru, Rantau Prapat"
"Jl. Lintas Sumatra, Perbaungan, Bilah Hulu, Kabupaten Labuhan Batu, Sumatera Utara 21451, Indonesia"
"Jl. Jend. Ahmad Yani No. 125 - 127, Kartini, Rantau Utara, Rantau Prapat"
"Jl. Sm Raja No 40 Bandar Sono Tebingtinggi, Sumatra Utara"
"Jl. KH. Zainul Arifin No.7, Petisah Tengah, Kec. Medan Petisah, Kota Medan, Sumatera Utara 20152, Indonesia"
"Jl. KH. Zainul Arifin No.7, Petisah Tengah, Kec. Medan Petisah, Kota Medan, Sumatera Utara 20152, Indonesia"
"Jl. Lintas Simpang Kebun Kopi Dusun Iii, Empat Negeri Limapuluh Batubara"
"Jl. Arief Rahman Hakim No.168, Sukaramai I, Kec. Medan Area, Kota Medan, Sumatera Utara 20227, Indonesia"
"Jl. Kenanga Raya No.66, Tj. Sari, Kec. Medan Selayang"
"Bandara Kualanamu, Beringin, Kec. Beringin, Kabupaten Deli Serdang,"
"Jl. Tahi Bonar Simatupang No.187, Sunggal, Kec. Medan Sunggal, Kota Medan, Sumatera Utara 20127, Indonesia"
"Desa Sei Silau Barat, Kec. Setia Janji, Kab. Asahan"
"Jl. M. T. Haryono No.8, Pusat Ps., Kec. Medan Kota, Kota Medan, Sumatera Utara 20211, Indonesia"
"Jl. M. T. Haryono No.1, RT.02, Ps. Baru, Kec. Medan Kota, Kota Medan, Sumatera Utara 20212, Indonesia"
"Jl. Iskandar Muda No.107, Babura, Kec. Medan Baru, Kota Medan,"
"Jl. Kelambir 5, Tj. Gusta, Kec. Medan Helvetia, Kota Medan,"
"Jl. Samanhudi No.20, J A T I, Kec. Medan Maimun, Sumatra Utara"
"Pulo Brayan Kota, Jl. Kol. Yos Sudarso No.338, Glugur Kota, Kec. Medan Bar., Kota Medan, Sumatera Utara 20238,"
"Jl. Serdang No.57 Perbaungan Serdang Bedagai, Sumatra Utara"
"Kop.Karyawan Pertamina Jln.Samudera P.Susu, Sumatra Utara"
"Kop.Karyawan Pertamina Jln.Samudera P.Susu, Sumatra Utara"
"Jl. Sunggal No.221, Sunggal, Kec. Medan Sunggal, Kota Medan, Sumatera Utara 20122"
"Jl. Lintas Tengah Sumatera No 44 Tiga Raja, Girsang Sipangan Bolon,Prapat Kab Simalungun"
"Jl. Acces Road Desa Pakam No 169  Kab Batu Bara, Sumatra Utara"
"Gedung Uniland Lt. 1, Jl. Mt Haryono A-1, Sumatra Utara"
"Jl. Penerbangan No.85, Sempakata, Kec. Medan Selayang, Kota Medan, Sumatera Utara 20131"
"Jl.Tanjung Morawa. Km 12,8, Ujung Serdang, Kabupaten Deli Serdang,"
"Jl. Medan - Binjai No.km. 13.7, Medan Krio, Kec. Sunggal, Kabupaten Deli Serdang, Sumatera Utara 20351, Indone"
"Jl. Raya Tanjung Morawa Km 18.5 Medan, Kota Medan, Sumatra Utara"
"Desa Kuala Tanjung,Sei Suka Kwala Tanjung Kec. Sei Suka Kabupaten Batubara"
"Jl. Bunga Lau No.17, Kemenangan Tani, Kec. Medan Tuntungan"
"Jl. Bunga Lau No.17, Kemenangan Tani, Kec. Medan Tuntungan"
"Jl. Kuala Tj. No.63, Perdagangan I, Bandar, Kabupaten Simalungun, Sumatera Utara 21184, Indonesia"
"Gg. Dwikora Baru No.22, Tj. Rejo, Kec. Medan Sunggal, Kota Medan, Sumatera Utara 20154, Indonesia"
"Jl. Gaperta Ujung No.87c, Tj. Gusta, Kec. Medan Helvetia, Kota Medan, Sumatera Utara 20126, Indonesia"
"Jln. Iskandar Muda No. 7, Sei Sikambing D, Medan Petisah, Kota Medan"
"Desa Perkebunan Parlabian Kec. Kampung Rakyat, Kab. Labuhanbatu Selatan"
"Jln. Setiabudi No. 79-B Sei Serayu Medan, Sumatra Utara"
"Jl. Lintas Tiga Lingga Kab Dairy, Kabupaten Dairi, Sumatra Utara"
"Jl. Mh. Thamrin No.126, Lubuk Pakam Pekan, Kec. Lubuk Pakam"
"Jl. Medan- Tebing Tinggi, Km. 69, Serdang Begadai, Penonggol, Tebing Tinggi, Kabupaten Serdang Bedagai, Sumat"
"Jalan Balaikota No.4, Kesawan, Medan Barat, Kesawan, Medan Bar., Kota Medan, Sumatera Utara 20236"
"Komplek Industri Tpl, Porsea, Kab. Toba Samosir, Sumatra Utara"
"Jl. Jalinsum Lima Puluh Kel Lima Puluh Kota, Lima Puluh Kota Lima Puluh Batu Bara 21255"
"Banjaran Raya, Padang Tualang, Kabupaten Langkat, Sumatera Utara 20852, Indonesia"
"Mayang, Kec. Bosar Maligas, Kab. Simalungun, Sumatra Utara"
"Jl.Razak Baru No.26 Petisah Tengah, Medan Petisah, Sumatra Utara"
"Jl. Perintis Kemerdekaan, Desa Padang Sidempuan Selatan Kec. Padang Matinggi"
"Jl. Lintas Sumatera, Bunut Kec. Kota Kisaran Barat, Kabupaten Asahan"
"Jl. Putri Merak Jingga No.3, Kesawan, Kec. Medan Bar., Kota Medan, Sumatera Utara 20231, Indonesia"
"Jl. Imam Bonjol No.32, RT.00, J A T I, Kec. Medan Maimun, Kota Medan, Sumatera Utara 20151, Indonesia"
"Kenangan Baru, Percut Sei Tuan, Kabupaten Deli Serdang, Sumatera Utara 20371, Indonesia"
"Dusun Pengkolan, Bosar Maligas, Simalungun Regency, North Sumatra 21183"
"Jalan Lintas Sumatera, Ujung Serdang, Tanjung Morawa, Kabupaten Deli Serdang"
"Jl. M. Basir No.12a, Pangkalan Masyhur, Kec. Medan Johor, Kota Medan, Sumatera Utara 20143, Indonesia"
"Jl. Marelan Raya No.207, Tanah Enam Ratus, Kec. Medan Marelan"
"Komplek Tasbi 2 Blok V No. 5/6, Jl. Arteri Ring Road, Asam Kumbang, Medan Selayan, Asam Kumbang,"
"Jl. Kapten Patimura No.348, Darat, Kec. Medan Baru, Kota Medan, Sumatera Utara 20222, Indonesia"
"Jl. Gedung Arca No.55, RT.02, Teladan Bar., Kec. Medan Kota, Kota Medan, Sumatera Utara 20217, Indonesia"
"Jl. Bromo No.88, RT.02, Binjai, Kec. Medan Denai, Kota Medan, Sumatera Utara 20226, Indonesia"
"Jl. Lintas Kotapinang-Langgapayung, Desa Sabungan, Kec. Sungai Kanan"
"Jl. Lintas Sumatera Ptpn Iv Kebun Air Batu, Sumatra Utara"
"Kebun Marjandi, Marjandi Panombean Panei, Kab. Simalungun"
"Jl. Gelatik, Sei Sikambing B, Medan Sunggal, Deli Serdang Regency, North Sumatra 20123"
"Jl. Raya Medan Tenggara No.306, Binjai, Kec. Medan Denai, Kota Medan, Sumatera Utara 20228, Indonesia"
"Jl. Kapt. Muslim No. 8 Helvetia, Kota Medan, Sumatra Utara"
"Tj. Morawa, Kabupaten Deli Serdang, Sumatera Utara"
"Jl. Slamet Riyadi No.6, J A T I, Kec. Medan Maimun, Kota Medan, Sumatera Utara 20151, Indonesia"
"Jl. Raya Tambunan, Pasar Laguboti  Kec. Lauboti Kab. Tobasamosir"
"Jl. Pintu Air IV No.226, Kwala Bekala, Kec. Medan Johor, Kota Medan, Sumatera Utara 20143, Indonesia"
"Jl. Abdul Hakim No. 1 A Kel Tanjung Sari, Padang Bulan Selayang Ii, Medan Selayang"
"Siantar-Marihat, Kab. Simalungun, Kabupaten Simalungun, Sumatra Utara"
"Jl. Raya Lintas Sumatera - Ptpn Iii Kebun Baruhur, Cikampak"
"Jl. Sunggal No.60, Simpang Tj., Kec. Medan Sunggal"
"Jln. Pasar Viii Batang Kuis, Kel. Buntu Badimbar, Kec. Tanjung Morawa"
"Jl. SM Amin No.129, Simpang Baru, Kec. Tampan, Kota Pekanbaru, Riau 28292, Indonesia"
"Jl. J. Gatot Subroto, Petisah Tengah, Kec. Medan Petisah,"
"Jalan Jendral Sudirman No 14Medan, Sumatera Utara, Indonesia"
"Jl. Tuasan No.74o, Sidorejo Hilir, Kec. Medan Tembung, Kota Medan, Sumatera Utara 20222, Indonesia"
"Jl. Lingkar Tuktuk, Siadong Kec. Simanindo 22395, Sumatra Utara"
"Jl. Lintas Sumatera, Blok Songo, Desa Sisumut, Kota Pinang"
"Jl. Cemara, Sampali, Percut Sei Tuan, Kabupaten Deli Serdang, Sumatra Utara"
"Jl. Pematang Purba -Prapat Simantin, Pematang Sidamanik"
"Jl. Pertahanan No.102, Patumbak Kp., Kec. Patumbak, Kabupaten Deli Serdang,"
"Jl. Patuan Anggi No 56, Suka Dame Kec. Siantar Kota"
"Jl.Sutomo,pusat pasar kec,Medan kota, Kota Medan, Sumatra Utara"
"Gg. Sumbadra No.265, Pulo Brayan Darat I, Kec. Medan Tim., Kota Medan, Sumatera Utara 20236, Indonesia"
"Jl. Jend. Tb. Simatupang No.148 Sunggal, Sumatra Utara"
"Jl. Willem Iskandar No.229, Dalan Lidang, Panyabungan"
"Jalan Berdikari No.1A Desa Lao Bakeri, Sampe Cita, Kutalimbaru, Kabupaten Deli Serdang,"
"Jl. Lintas Sumatra No.12, Bakaran Batu, Rantau Sel., Kabupaten Labuhan Batu, Sumatera Utara 21411, Indonesia"
"Komp  Pt. Inalum Tanjung Gading, Asah, Kabupaten Batu Bara, Sumatra Utara"
"No.Km.7 Jl. Sisingamangaraja No.43, RT.02, Harjosari II, Kec. Medan Amplas, Kota Medan, Sumatera Utara 20214"
"Jl. Imam Bonjol, Madras Hulu, Kec. Medan Polonia, Sumatra Utara"
"Jl. Negeri Lama Desa Pangkatan, Labuhan Batu , Sumatra Utara"
Jl Yos Sudarso 78 Km 46 Kl. Lalang Kec. Rambutan Kota Tebing Tinggi Spbu 14.206.162
"Jl. Industri No. 60, Dsn 1 Tanjung Morawa, Deli Serdang"
"Jln. Prof. H. M Yamin Sh No. 47, Kota Medan, Sumatra Utara"
"Jl. Putri Merak Jingga, Kesawan, Kec. Medan Bar., Kota Medan,"
"Alfamidi Ringroad, Dwi Kora, Kec. Medan Helvetia, Kota Medan, Sumatera Utara, Indonesia"
Jl Lintas Sumatera No 17 Sei Balai Kabupaten Batubara
"Jl. Besar Bahapal Desa Laras, Kec. Bandar Huluan, Kab. Simalungun"
"Tinjowan, Ujung Padang, Kab Simalungun, Sumatra Utara"
"Jl. Lintas Sumatera, Sail, Tenayan Raya, Pekanbaru City, Riau 28131"
"Jl. Mustang, Suka Damai, Kec. Medan Polonia, Sumatra Utara"
"Jl. Batang Kuis, Gang. Tambak Rejo / Psr.Ix, Buntu Bedimbar, Tanjung Morawa, Buntu Bedimbar, Tj. Morawa"
"Jl. Titi Pahlawan, Paya Pasir, Medan Marelan, Kota Medan, Sumatera Utara 20252"
"Jl. Prof. Hm. Yamin Sh No.56, Sei Kera Hilir Ii, Medan Perjuangan, Kota Medan, Sumatera Utara 20232"
"Jl. Sei Mencirim, Desa Paya Geli Medan, Sumatera Utara"
"Jalan Jamin Ginting, Kilo Meter 9, Simpang Simalingkar, Mangga, Kec. Medan Tuntungan, Kota Medan, Sumatera"
"Jl. Menteng Raya, Binjai, Kec. Medan Denai, Kota Medan,"
"Jl. Perjuangan No 37, Kel. Pekan, Dolok Masihul, Sumatra Utara"
"Jl.Raya Lintas Sumatera, Aek Batu, Desa Asam Jawa, Kec.Torgamba"
"Pasar 7 Jl. Marindal, Mekar Sari, Kec. Medan Amplas, Kota Medan,"
"Jl. Pasar Pusat Pasar No.1-A Lantai 2 Losd Ikan Basah, Pusat Ps., Pusat Ps., Medan Kota, Kota Medan, Sumatera U"
"Jl. Sukarno Hatta Km.18,5 Binjai, Kota Medan, Sumatra Utara"
"Jl. Marelan Raya No.21, Rengas Pulau, Kec. Medan Marelan, Kota Medan, Sumatera Utara 20254, Indonesia"
"Ps. V Jl. Marelan Raya No.18, Tanah Enam Ratus, Medan Marelan, Kota Medan, Sumatera Utara 20255"
"Jl. Kartini Ujung, Pematang Siantar, Kota Pematang Siantar, Sumatra Utara"
"Desa Tanjung Mulia Kec. Kampung Rakyat, Kota Pinang"
"Jl. Tembakau Raya No.74, Mangga, Kec. Medan Tuntungan, Kota Medan, Sumatera Utara 20141, Indonesia"
"Jl. Marelan Raya, Rengas Pulau, Medan Marelan, Kota Medan, Sumatera Utara 20254"
"Jl. Perhubungan No.7 Simp Veteran, Deli Serdang, Sumatra Utara"
"Jl. Setia Budi No.141a, Tj. Sari, Kec. Medan Selayang, Kota Medan, Sumatera Utara 20132, Indonesia"
"Jl. Williem Iskandar, Indra Kasih, Kec. Medan Tembung, Kota Medan,"
"Komplek Mmct, Jl. Williem Iskandar No.30, Kenangan Baru, Kec. Percut Sei Tuan, Kota Medan,"
"Jl. Melati Raya No.16, Sempakata, Kec. Medan Selayang, Kota Medan,"
"Huta Lombang, Lubuk Barumun, Kabupaten Padang Lawas, Sumatera Utara 22763"
"Jl. Tahi Bonar Simatupang No.152, Sunggal, Medan Sunggal, Kota Medan, Sumatera Utara 20127"
"Jl. Jamin Ginting Binjai Selatan, Kota Medan, Sumatra Utara"
"Jl. Besar Negeri Lama - Labuhanbatu, Kabupaten Labuhanbatu, Sumatra Utara"
"Jl. Setia Budi No.283, Tj. Sari, Kec. Medan Selayang"
"Jl. Raya Mandailing Km. 9,4, Desa Manunggang Julu, Sumatra Utara"
"Jl. Sisingamangaraja, Sitoluama, Laguboti, Sitoluama, Lagu Boti, Kabupaten Toba Samosir, Sumatera Utara 22381"
"Jl. Sei Batang Hari No.2  Medan, Kota Medan, Sumatra Utara"
"Jl. Gabion, Bagan Deli, Medan Kota Belawan, Kota Medan, Sumatera Utara"
"Perkebunan Tanh Titam Ulu, Kec. Limapuluh Kabupaten Batubara"
"Kompl Kek Sei Mangkei Jl Kelapa Sait No 1, Sumatra Utara"
"Jl. Gatot Subroto No.242, Sei Sikambing C. II, Kec. Medan Sunggal, Kota Medan, Sumatera Utara 20123, Indonesia"
"Gn. Bayu, Bosar Maligas, Kabupaten Simalungun, Sumatera Utara 21183, Indonesia"
"Jl. Raya Merek-Sidikalang No.137, Merek, Kabupaten Karo, Sumatera Utara 22173, Indonesia"
"Jln. Kapten Batu Sihombing, Medan Estate, Sumatra Utara"
Jln. Mangaan Iii Lk Xii No.105 A Kel. Mabar Kec. Medan Deli
"Jl.Soekarno Hatta No.53 Tanah Tinggi  Binjai, Sumatra Utara"
"Lingkungan Pasiran No.153 Kel, Simpang Tiga Pekan, Kec. Perbaungan, Kabupaten Serdang Bedagai, Sumatera Ut"
"Jl. Sisingamangaraja No.67, Kisarn Tim., Kec. Kisaran Tim., Kabupaten Asahan, Sumatera Utara 21221, Indonesia"
"Jl.Lintas Sumatera, Aek Ledong, Aek Kanopan, Sumatra Utara"
"Jln. Jawa No. 2 Simpang Jl. Veteran Medan, Sumatra Utara"
Jl. Padangsidempuan Km7.5 Desa Sibuluan Tapanuli Tengah
"Jl. Kl Yos Sudarso Km.7,5, Tj. Mulia, Medan Deli, Kota Medan, Sumatera Utara 20241"
"Batam, Batam City, Riau Islands, Indonesia"
"Jl. Dr. Mansyur, Padang Bulan Selayang I, Kec. Medan Selayang,"
"Jl. Letda Sujono No.138A, Tembung, Kec. Medan Tembung,"
"Jl. Kl Yos Sudarso No.338, Glugur Kota, Kec. Medan Bar.,"
"JL.by Pass / Kapt Sumarsono 81, Medan Kota, Medan , Sumatera Utara, Kampung Lalang, Sunggal, Deli Serdang R"
"JL. LINTAS GUNUNG TUA, KEC. SUNGAI KANAN - LANGGA PAYUNG, KAB. LABUHANBATU SELATAN, SUMATERA U"
"Jl. Jenderal Sudirman No.145, Bagan Batu, Kec. Bagan Sinembah, Kabupaten Rokan Hilir, Riau 28992, Indonesia"
"Dolok Merangir Satu, Pos Serbelawan Dolok Merangir Batu Naggarkab. Simalungun"
"Jl. Platina Raya No.43, Rengas Pulau, Kec. Medan Marelan, Kota Medan, Sumatera Utara 20255, Indonesia"
"Jl. Gagak Hitam No.118, Sei Sikambing B, Kec. Medan Sunggal, Kota Medan, Sumatera Utara 20122, Indonesia"
"Jln. Tritura No. 2, Suka Maju, Kec. Medan Johor, Kota Medan"
"Perkebunan Sei Kebara, Desa Aek Batu, Kec. Torgamba"
"Jl. Kapten Purba No. 1, Simalingkar, Kabupaten Deli Serdang, Sumatra Utara"
"Balimbingan, Kec. Tanah Jawa, Kab. Simalungun, Sumatra Utara"
"Bukti Maradja,Gunung Malela Kab. Simalungun, Sumatra Utara"
"Jl. Lintas Sumatera Ptpn Ivkebun Berangir, Labuhan Batu"
"Jl. Brigjend Zein Hamid No.44a, Titi Kuning, Kec. Medan Johor, Kota Medan, Sumatera Utara 20219, Indonesia"
"Jl. Hang Tuah, Batu Besar, Kecamatan Nongsa, Kota Batam, Kepulauan Riau 29465, Indonesia"
"Jl. Gagak Hitam, Sunggal, Kec. Medan Sunggal, Sumatra Utara"
"Mabar Jl. Kol. Yos Sudarso KM.8,8 No.88, M A B A R, Kec. Medan Deli, Kota Medan, Sumatera Utara 20242, Indon"
"Jln. Mangkubumi No. 3-5 Kel. Aur, Kec. Medan Maimun"
"Jl. Kolonel Yos Sudarso, Pulo Brayan Kota, Medan, Kota Medan,"
"Jl. Gatot Subroto No.395, Sei Sikambing D, Kec. Medan Petisah, Kota Medan,"
"Jl. Garu II A No.52, Harjosari I, Kec. Medan Amplas, Kota Medan, Sumatera Utara 20147, Indonesia"
"Tonduhan, Kec. Hatonduhan, Kab. Simalungun, Sumatra Utara"
"Jl. Soedirman Kel pardamean Kec Stabat Langkat, Sumatra Utara"
"Jl. Kapten Muslim No.139, Dwi Kora, Kec. Medan Helvetia, Kota Medan, Sumatera Utara 20123, Indonesia"
"Jl. Pasar V Kebun Kelapa, Kualanamu, Penara Kebun, Tj. Morawa, Kabupaten Deli Serdang, Sumatera Utara 20552"
Jln. Setia Budi No.159 Kel Tanjung Rejo Kec. Medan Sunggal
"Dolok Sinumbah,Kec. Huta Bayu Raja, Kab. Simalungun"
"Jl. Gatot Subroto No.288, Sei Putih Tengah, Kec. Medan Petisah"
Jl. Raya Lubuk Pakam Desa Firdaus(Spbu 14.205.1139)
Jl. Sutomo No 5Bb-5Cc  Proklamasi Siantar Barat Proklamasi
"Jl. Tol Medan - Kuala Namu - Tebing Tinggi, Penara Kebun, Tj. Morawa"
"Jl. Di Panjaitan Depan Terminal Madya Tarutung, Sumatra Utara"
"Jl. Suka Mulia No.17A, A U R, Kec. Medan Maimun,, Sumatra Utara"
"Jl. Pulau Sicanang, Belawan Pulau Sicanang Medan Kota Belawan"
"L. Sisingamangaraja, Bukit Sofa, Siantar Sitalasari, Kota Pematang Siantar, Sumatera Utara 21139"
"Jl. Brigjend Katamso, Kp. Baru, Kec. Medan Maimun, Kota Medan,"
"Jl. Gagak Hitam No.70c, Sunggal, Kec. Medan Sunggal, Kota Medan, Sumatera Utara 20122, Indonesia"
"Jl. Amal Luhur No.10, Dwi Kora, Kec. Medan Helvetia, Kota Medan, Sumatera Utara 20118, Indonesia"
"Harjosari I, Medan Amplas, Medan City,, Kota Medan, Sumatra Utara"
"Sei Sikambing B, Medan Sunggal, Kota Medan, Sumatera Utara 20123"
"Kompleks Ruko Jip, Jl. Karya Wisata, Gedung Johor, Kec. Medan Johor, Kota Medan,"
"Jl. Sumarsono No.65, Kp. Lalang, Kec. Sunggal, Kabupaten Deli Serdang, Sumatera Utara 20117, Indonesia"
"Jl. Gajah Mada No.50, Sei Sikambing D, Kec. Medan Petisah, Kota Medan, Sumatera Utara 20114, Indonesia"
"Jl. Dr. Mansyur, Merdeka, Medan Baru, Kota Medan, Sumatera Utara 20153"
"Jl. Karya Wisata, Pangkalan Masyhur, Kec. Medan Johor, Kota Medan,"
"Jl. Imam Bonjol No. 7, Petisah Tengah, Kota Medan, Sumatra Utara"
"Jl. Dahlan Tj., Limau Manis, Tj. Morawa, Kabupaten Deli Serdang, Sumatera Utara 20362"
"Jl.Jend.Gatot Subroto No.99 Sunggal, Kota Medan, Sumatra Utara"
"Jl. Jawa No.8, Gg. Buntu, Kec. Medan Tim., Kota Medan, Sumatera Utara 20236, Indonesia"
"Jl. Panca Marga, Tj. Uban Utara, Bintan Utara, Kabupaten Bintan, Kepulauan Riau 29152, Indonesia"
"Jl. Setia Budi Setiabudi Square No.1, Tj. Sari, Kec. Medan Selayang, Kota Medan, Sumatera Utara 20133, Indonesia"
"Wisam Kawasan Industri Medan Jl. Pulau Batam No.1, Sumatra Utara"
"Jl. Dr Mansyur No.58 Pintu Ii Gallery Atm, Medan, Sumatra Utara"
"Jl. Denai, Tegal Sari Mandala Ii, Medan Denai, Kota Medan, Sumatera Utara 20227"
"Jl. Imam Bonjol No.6, Suka Damai, Kec. Medan Polonia, Kota Medan,"
"JL. SISINGAMANGARAJA NO.168 KEL. BAKARAN BATU, KEC. RANTAUPRAPAT"
"Kenangan Baru, Percut Sei Tuan, Deli Serdang Regency, North Sumatra 20223"
"Jl. Dagan No.1d, Sekip, Kec. Medan Petisah, Kota Medan, Sumatera Utara 20111, Indonesia"
"Jl. Tritura Simpang Sisingamangaraja, Kota Medan, Sumatra Utara"
"Jl. Brigjend Zein Hamid No.40, Titi Kuning, Kec. Medan Johor, Kota Medan,"
"Komp.Pertamina Sumbagut Pb20857, Kabupaten Langkat, Sumatra Utara"
"Desa Torganda, Kec. Torgamba, Cikampak - Labuhanbatu Selatan"
"Perkebunan Sei Silau, Kec.Buntu Pane Kisaran, Sumatra Utara"
"Sei Nadoras, Bandar Pasir Mandoge, Kisaran, Sumatra Utara"
"Jl. Kol. Yos Sudarso No.410, Silalas, Kec. Medan Bar., Kota Medan, Sumatera Utara 20234, Indonesia"
"Jl. Dagan No.1d, Sekip, Kec. Medan Petisah, Kota Medan, Sumatera Utara 20111, Indonesia"
"Plaza medan fair, Jl. Gatot Subroto, Sekip, Kec. Medan Petisah, Kota Medan, Sumatera Utara 20113, Indonesia"
"Plaza medan fair, Jl. Gatot Subroto, Sekip, Kec. Medan Petisah, Kota Medan, Sumatera Utara 20113, Indonesia"
"Jl. Merdeka No.329, Pematangsiantar, Kota Pematang Siantar, Sumatra Utara"
"Jl. Gatot Subroto, No. 170, Binjai Barat, Limau Mungkur, Binjai, Kota Binjai, Sumatera Utara 20741"
"Jln. Kolam Nomor 1 Medan Estate / Jalan Gedung Pbsi, Kenangan Baru, Percut Sei Tuan, Medan"
"Jl. Medan - Binjai, Sei Semayang, Sunggal, Kabupaten Deli Serdang, Sumatera Utara 20351"
Jln. Tanjung Pura Ds Palu Manis Kec Gebang Langkat
"Desa Siring Giting, Dolok Masihul, Serdang Bedagai, Sumatra Utara"
"Hotel grandhika, Jl. Setia Budi, Tj. Rejo, Kec. Medan Sunggal, Kota Medan, Sumatera Utara 20154, Indonesia"