"Jl. Imam Bonjol No.90 Kota Batam, Kota Batam, Kep. Riau",Kota Batam,Kepulauan Riau
"Jl. Imam Bonjol, Komp Nagoya Hill, Kota Batam, Kep. Riau",Kota Batam,Kepulauan Riau
"Jl. Imam Bonjol No.90 Kota Batam, Kota Batam, Kep. Riau",Kota Batam,Kepulauan Riau
"Jl. Teuku Umar No.23, Tanjungpinang Kota, Kota Tanjung Pinang, Kepulauan Riau",Kota Tanjung Pinang,Kepulauan Riau
"Jl. Permaisuri No.3, Tj. Uban Kota, Bintan Utara, Kabupaten Bintan, Kepulauan Riau",Kabupaten Bintan,Kepulauan Riau
"Jl. Kw. Industri Tunas No.1, Belian, Kec. Batam Kota, Kota Batam, Kepulauan Riau 29444, Indonesia",Kota Batam,Kepulauan Riau
"Jl. Kw. Industri Tunas No.1, Belian, Kec. Batam Kota, Kota Batam, Kepulauan Riau 29444, Indonesia",Kota Batam,Kepulauan Riau
"Batam, Batam City, Riau Islands, Indonesia, DKI Jakarta",Kota Batam,Kepulauan Riau
"Jl Tiban Garden, Blok C No. 26-27, Patam Lestari, Sekupang Kota, Patam Lestari, Batam, Kota Batam, Kepulauan Riau",Kota Batam,Kepulauan Riau
"Jl.Tiban Raya Komp.Tiban Garden Batam, Kota Batam, Kep. Riau",Kota Batam,Kepulauan Riau
"Kawasan Industri Panbil Mall Panbil Lt. Dasar, Jl. Ahmad Yani, Muka Kuning, Sungai Beduk, Kabil, Kecamatan Nongsa, Kota Batam,",Kota Batam,Kepulauan Riau
"Jl. Achmad Yani, Kawasan Industri Panbil, Kep. Riau",Kota Batam,Kepulauan Riau
"Kawasan Industri Panbil, Jl. Ahmad Yani, Kep. Riau",Kota Batam,Kepulauan Riau
"Jl. Ahmad Yani No.28, Meral Kota, Meral, Kabupaten Karimun, Kepulauan Riau 29661, Indonesia",Kabupaten Tanjung Balai Karimun,Kepulauan Riau
"Jl. Teuku Umar No. 9 Karimun 29611, Kabupaten Karimun, Kep. Riau",Kabupaten Karimun,Kepulauan Riau
"Jl.Hang Jebat,Barek Motor,Kijang, Kabupaten Bintan, Kep. Riau",Kabupaten Bintan,Kepulauan Riau
"Ranai Kota, Bunguran Tim., Kabupaten Natuna, Kepulauan Riau 29783, Indonesia",Kabupaten Natuna,Kepulauan Riau
"Kawasan Industri Panbil Mall Panbil Lt. Dasar, Jl. Ahmad Yani, Muka Kuning, Sungai Beduk, Kabil, Kecamatan Nongsa, Kota Batam,",Kota Batam,Kepulauan Riau
"Jl. Imam Bonjol Komp. Nagoya Square No.63, Sungai Jodoh, Kec. Batu Ampar, Kota Batam, Kepulauan Riau 29444, Indonesia",Kabupaten Kepulauan Anambas,Kepulauan Riau
"Plaza Bintan Center, Jl. D.I. Panjaitan No.18, Batu Ix, East Tanjungpinang, Tanjung Pinang City, Riau Islands",Kota Tanjung Pinang,Kepulauan Riau
"Jl. Di Panjaitan Bintan Centre Tanjung Pinang, Kep. Riau",Kota Tanjung Pinang,Kepulauan Riau
"Jl.Imam Bonjol, Lubuk Baja , Batam, Kota Batam, Kep. Riau",Kota Batam,Kepulauan Riau
"Batam, Lubuk Baja Kota, Lubuk Baja, Batam City, Riau Islands",Kota Batam,Kepulauan Riau
Jl. Brigjend Katamso Km 2  Ruko Fanindo Blok A No. 14-15,Kota Batam,Kepulauan Riau
Jl. Brigjend Katamso Ruko Fanindo Blok A No.14-15 Tanjung Uncang,Kota Batam,Kepulauan Riau
Jl. Brigjend Katamso Km 2  Ruko Fanindo Blok A No. 14-15,Kota Batam,Kepulauan Riau
"Jl.Jend.Sudirman.Komplek Keprimall Kota Batam, Kep. Riau",Kabupaten Bintan,Kepulauan Riau
"Komp.Ruko Palm Spring Blok B2 No.9 Batam, Kep. Riau",Kota Batam,Kepulauan Riau
"Komp.Nagiya Bisnis Center Blok 4 No.8 Batam, Kep. Riau",Kota Batam,Kepulauan Riau
"Jl. Imam Bonjol-Nagoya, Lubuk Baja Kota, Kec. Lubuk Baja, Kota Batam, Kepulauan Riau",Kota Batam,Kepulauan Riau
"Komplek Pertokoan Marbela-2 Blok D-3 No.1 & 2, Kep. Riau",Kota Batam,Kepulauan Riau
"Komp. Pertokoan Marbella-2 Blok D3 No.1-2, Kep. Riau",Kota Batam,Kepulauan Riau
"Jlm, Pembangunan Komplek Penuin Center Blok E No. 12-12A, 29440",Kota Batam,Kepulauan Riau
Komplek Pertokoan Grand Niaga Mas Blok A No. 5 - 6 Kota Batam,Kota Batam,Kepulauan Riau
Komplek Pertokoan Grand Niaga Mas Blok A No. 5 - 6 Kota Batam,Kota Batam,Kepulauan Riau
"Jl. Raja Ali H. No.2, Sei Jodoh, Kec. Batu Ampar, Kota Batam, Kepulauan Riau 29444, Indonesia",Kota Batam,Kepulauan Riau
"Batam, Sungai Jodoh, Kec. Batu Ampar, Kota Batam, Kepulauan Riau",Kota Batam,Kepulauan Riau
"Jl. R.E. Martadinata, Komp. Harapan Business Center Blok I No.1",Kota Batam,Kepulauan Riau
"Jl. Re Martadinata, Sungai Harapan, Kec. Sekupang, Kota Batam, Kepulauan Riau",Kota Batam,Kepulauan Riau
"Jl. Yos Sudarso No.3, Bengkong Laut, Kec. Bengkong, Kota Batam, Kepulauan Riau",Kota Batam,Kepulauan Riau
"Jl. Kartini No.44 Tanjung Batu, Kundur, Kabupaten Karimun, Kep. Riau",Kabupaten Karimun,Kepulauan Riau
"Komplek Ruko Tembesi Center Blok A1 No.9, Kep. Riau",Kota Batam,Kepulauan Riau
"Jalan Hang Nadim No.01, Batu Besar Kota Batam, Kepulauan Riau 29466",Kota Batam,Kepulauan Riau
"Nagoya Hill Superblock, Jl. Teuku Umar, Lubuk Baja Kota, Kec. Lubuk Baja, Kota Batam, Kepulauan Riau",Kota Batam,Kepulauan Riau
"Jalan Jendral Ahmad Yani No. 8, Kelurahan Muka Kuning, Kecamatan Sei Beduk, Kabil, Nongsa, Kota Batam, Kepulauan Riau 29433",Kota Batam,Kepulauan Riau
"Jln. Engku Putri, Gedung Bida Otorita Batam Lt.2, Batam Center",Kota Batam,Kepulauan Riau
Ruko Muka Kuning Indah Ii Blok E 2 No.3A & 5 Jl. Batuaji Baru,Kota Batam,Kepulauan Riau
"Komp. Ruko Sentosa Perdana Batu Aji Kota Batam, Kep. Riau",Kota Batam,Kepulauan Riau
"Jl. Rasamala-Batamindo Indurty Park No.1, Muka Kuning, Kec. Sei Beduk",Kota Batam,Kepulauan Riau
"Jl. Teuku Umar No.23, Tanjungpinang Kota, Kota Tanjung Pinang, Kepulauan Riau",Kota Batam,Kepulauan Riau
"Sei Jang Bukit Bestari Kota Tanjungpinang, Kep. Riau",Kota Tanjung Pinang,Kepulauan Riau
"Jl. Hangtuah, Talang Mandi, Kec. Mandau, Kabupaten Bengkalis, Riau 28784, Indonesia",Kota Batam,Kepulauan Riau
"Jl. Suprapto Tembesi Kota Batam, Kota Batam, Kep. Riau",Kota Batam,Kepulauan Riau
"Jl. Pahlawan, Buliang, Kec. Batu Aji, Kota Batam, Kepulauan Riau 29425, Indonesia",Kota Batam,Kepulauan Riau
"Jl. Imam Bonjol, Nagoya (Gedung Danagraha Batam), Kep. Riau",Kota Batam,Kepulauan Riau
"Atm Centre No. 5, Shophouse Blok E Batamindo, Kep. Riau",Kota Batam,Kepulauan Riau
"Komplek Dc Mall, Jl. Duyung, Batu Selicin, Kec. Lubuk Baja, Kota Batam, Kepulauan Riau 29444",Kota Tanjung Pinang,Kepulauan Riau
Jl. Pertambangan Komplek Ruko Padimas - Tanjung Balai Karimun,Kabupaten Tanjung Balai Karimun,Kepulauan Riau
"Jl. Ahmad Yani, Batam Centre, Batam, Kota Batam, Kep. Riau",Kota Batam,Kepulauan Riau
"Jl. Letjen Suprapto No.18, parit benut, Meral, Kabupaten Karimun, Kepulauan Riau 29664, Indonesia",Kabupaten Tanjung Balai Karimun,Kepulauan Riau
"Jl. Gajah Mada Spbu Vitka Tiban Center, Kota Batam, Kep. Riau",Kota Batam,Kepulauan Riau
"Jl.Komplek Aviary Batu Aji,Batam, Kota Batam, Kep. Riau",Kota Batam,Kepulauan Riau
"Swalayan V-Martkota Batam, Kepulauan Riau, Kep. Riau",Kota Batam,Kepulauan Riau
"Jalan Imam Bonjol Lubuk Baja Kota Lubuk Baja, Sungai Jodoh, Kec. Batu Ampar, Kota Batam, Kepulauan Riau 29444, Indonesia",Kota Batam,Kepulauan Riau
"Jl. Imam Bonjol, Lubuk Baja Kota Batam, Kota Batam, Kep. Riau",Kota Batam,Kepulauan Riau
"Teluk Tering, Batam City, Riau Islands 29444, Kep. Riau",Kota Batam,Kepulauan Riau
"Jl. Ir. Sutami No.25, Tj. Pinang Timur, Bukit Bestari, Kota Tanjung Pinang, Kepulauan Riau, Indonesia",Kota Batam,Kepulauan Riau
"Jl Seraya No 1 Batam, Kampung Seraya, Batu Ampar, Batam City, Riau Islands",Kota Batam,Kepulauan Riau
"Jl. Letjen Soeprapto, Tembesi,Batam, Kota Batam, Kep. Riau",Kota Batam,Kepulauan Riau
"Jl. Laksamana Bintan, Sei Panas, Kota Batam, Kep. Riau",Kota Batam,Kepulauan Riau
"Jl. Abulyatama (Samping Universitas Batam), Kep. Riau",Kota Batam,Kepulauan Riau
"Jln. Engku Putri, Gedung Bida Otorita Batam Lt.2, Batam Center",Kota Batam,Kepulauan Riau
"Jl. A Yani Teluk Tering Kota Batam, Kota Batam, Kep. Riau",Kota Batam,Kepulauan Riau
"Jl. Jend Suprapto Tembesi Batam, Kota Batam, Kep. Riau",Kota Batam,Kepulauan Riau
"Komp. Jasa Indah Blk.A No.4-10, Bengkong Seken, Kep. Riau",Kota Batam,Kepulauan Riau
"Jalan Dr. Ciptomangunkusumo No.1, Tj. Pinggir, Kec. Sekupang, Kota Batam, Kepulauan Riau, Indonesia",Kota Batam,Kepulauan Riau
"Jl. Letjen R. Suprapto, Tembesi, Kec. Sagulung, Kota Batam, Kepulauan Riau 29424, Indonesia",Kota Batam,Kepulauan Riau
"Komp. Bida Ayu Blok 1 No. 1-2 Tanjung Piayu, Kep. Riau",Kota Batam,Kepulauan Riau
"Jl. Pahlawan Bukit Tempayan Batuaji Batam, Kep. Riau",Kota Batam,Kepulauan Riau
"Jl. Bunga Raya, Baloi Indah, Kec. Lubuk Baja, Kota Batam, Kepulauan Riau, Indonesia",Kota Batam,Kepulauan Riau
"Blok II, Jl. Anggrek, Lubuk Baja Kota, Kec. Lubuk Baja, Kota Batam, Kepulauan Riau 29444, Indonesia",Kota Batam,Kepulauan Riau
"Kabil, Kecamatan Nongsa, Kota Batam, Kepulauan Riau",Kota Batam,Kepulauan Riau
"Jl. Imam Bonjol No. 90, Lubuk Baja Kota, Kec. Lubuk Baja, Kota Batam, Kepulauan Riau 29444",Kota Batam,Kepulauan Riau
"Baloi Indah Lubuk Baja Sei Ladi, Kota Batam, Kep. Riau",Kota Batam,Kepulauan Riau
"Komplek Nagoya Newtown Blok T No.15 Jalan Kompleks Nagoya City Walk, Lubuk Baja Kota, Kec. Lubuk Baja, Kota Batam, Kepulau",Kota Batam,Kepulauan Riau
"Jl. Imam Bonjol Kampung Utama Nagoya Batam, Kep. Riau",Kota Batam,Kepulauan Riau
"Komp. Jasa Indah Blk.A No.4-10, Bengkong Seken, Kep. Riau",Kota Batam,Kepulauan Riau
"Komp.Jasa  Indah Blok A No.4-10 Bengkong Seken, Kep. Riau",Kota Batam,Kepulauan Riau
"Komp.Jasa  Indah Blok A No.4-10 Bengkong Seken, Kep. Riau",Kota Batam,Kepulauan Riau
"Jl. Harapan Pasti No.1b, Binjai, Kec. Medan Denai, Kota Medan, Sumatera Utara 20228, Indonesia",Kota Batam,Kepulauan Riau
"Batu Besar, Kecamatan Nongsa, Kota Batam, Kepulauan Riau 29467, Indonesia",Kota Batam,Kepulauan Riau
"Komp. Pertokoan Sentosa Perdana (Gedung Plaza Ii), Kep. Riau",Kota Batam,Kepulauan Riau
"Komp. Pertokoan Sentosa Perdana (Gedung Plaza Ii), Kep. Riau",Kota Batam,Kepulauan Riau
"Mall Botania Ii Belian Kota Batam, Kota Batam, Kep. Riau",Kota Batam,Kepulauan Riau
"Jl. M.T Haryono Kotatanjungpinang, Kota Tanjung Pinang, Kep. Riau",Kota Tanjung Pinang,Kepulauan Riau
"Jl. Beringin, Muka Kuning, Kec. Sei Beduk, Kota Batam, Kepulauan Riau 29433, Indonesia",Kota Batam,Kepulauan Riau
Jl. Raja Haji Fisabilillah Batu Ix Kota Tanjungpinang,Kota Tanjung Pinang,Kepulauan Riau
"Sebong Pereh, Tlk. Sebong, Kabupaten Bintan, Kepulauan Riau 29151, Indonesia",Kota Batam,Kepulauan Riau
"Jl. Beringin No.Lot 208-2, Muka Kuning Kota Batam Kepulauan Riau 29433",Kota Batam,Kepulauan Riau
"RSUD Natuna, Ranai Kota, Bunguran Tim., Kabupaten Natuna, Kepulauan Riau 29783, Indonesia",Kabupaten Natuna,Kepulauan Riau
"Jl. Sriwijaya No. 3 Pelita Batam, Kota Batam, Kep. Riau",Kota Batam,Kepulauan Riau
"Komplek Pujasera Lagoi, Bintan Resort, Kabupaten Bintan, Kep. Riau",Kabupaten Bintan,Kepulauan Riau
"Jl. Rumah Sakit  Ciptadi, Tanjungpinang Kota, Kota Tanjung Pinang, Kepulauan Riau",Kota Tanjung Pinang,Kepulauan Riau
"Jl. Pahlawan, Buliang, Kec. Batu Aji, Kota Batam, Kepulauan Riau 29425, Indonesia",Kota Batam,Kepulauan Riau
"Komplek Sagulung Mas Indah Sagulung Kota, Kota Batam",Kota Batam,Kepulauan Riau
"Jl. Bawal No.1, Batu Merah, Kec. Batu Ampar, Kota Batam, Kepulauan Riau 29452, Indonesia",Kota Batam,Kepulauan Riau
"Jl.Bengkong Laut, Komp.Perum Sarmen Raya Bengkong, Kep. Riau",Kota Batam,Kepulauan Riau
"Jl. Penerangan, Kec Tebing | Kepulauan Riau | Kabupaten Karimun",Kabupaten Karimun,Kepulauan Riau
"Jl. Brigjend Katamso Pasar Fanindo Tanjung Uncang, Kep. Riau",Kota Batam,Kepulauan Riau
"Bukit Tempayan, Batu Aji, Batam City, Riau Islands 29425",Kota Batam,Kepulauan Riau
"Bukit Tempayan, Batu Aji, Kota Batam, Kepulauan Riau 29425",Kota Batam,Kepulauan Riau
"Jl.Letjen Suprapto Tanjung Piayu Batam, Kota Batam, Kep. Riau",Kota Batam,Kepulauan Riau
"Jl. Tanah Kuning No.29151, Kijang Kota, Bintan Tim., Kabupaten Bintan, Kepulauan Riau 29151, Indonesia",Kabupaten Bintan,Kepulauan Riau
"Jl. Engku Putri Komp.Mediterania,Batam Center,Batam",Kota Batam,Kepulauan Riau
"Komplek Trikarsa Equalita, Jl. Coastarina, Sadai, Bengkong, Kota Batam, Kepulauan Riau 29461",Kota Batam,Kepulauan Riau
"Jl. Laksamana Bintan, Sungai Panas, Batam Kota, Kota Batam, Kepulauan Riau 29444",Kota Batam,Kepulauan Riau
"Komp.Pertokoan Sei Harapan Sekupang, Kota Batam, Kep. Riau",Kota Batam,Kepulauan Riau
"Aviari Plaza Batuaji, Kota Batam, Kabupaten Bintan, Kep. Riau",Kabupaten Bintan,Kepulauan Riau
"Jl.Budi Kemuliaan, Kampung Pelita, Lubuk Baja, Batam City, Riau Islands",Kota Batam,Kepulauan Riau
"Nagoya Hill Superblock, Jl. Teuku Umar, Lubuk Baja Kota, Kec. Lubuk Baja, Kota Batam, Kepulauan Riau",Kota Batam,Kepulauan Riau
"Jl. S. Parman Tanjung Piayu Batam, Kota Batam, Kep. Riau",Kota Batam,Kepulauan Riau
"Jl. Sengkuang, Tj. Sengkuang, Kec. Batu Ampar, Kota Batam, Kepulauan Riau 29444, Indonesia",Kota Batam,Kepulauan Riau
"Terminaldi Sei Jodoh, Kelurahan Batu Ampar,Bayfront Shopping Centre #02-01 Harbour Bay Complex, Sungai Jodoh, Kec. Batu Am",Kota Batam,Kepulauan Riau
"Jl. Pramuka No.2, Ranai Kota, Bunguran Tim., Kabupaten Natuna, Kepulauan Riau 29783, Indonesia",Kabupaten Natuna,Kepulauan Riau
"Jl. Potong Lembu No.67b, Kemboja, Tanjungpinang Bar., Kota Tanjung Pinang, Kepulauan Riau, Indonesia",Kota Tanjung Pinang,Kepulauan Riau
"Jl. Di Panjaitan Tanjung Pinang, Kota Tanjung Pinang, Kep. Riau",Kota Tanjung Pinang,Kepulauan Riau
"Sei Raya Meral Tanjung Balai Karimun, Kabupaten Karimun, Kep. Riau",Kabupaten Karimun,Kepulauan Riau
"Jl. Letjend Suprapto, Kibing, Kec. Batu Aji, Kota Batam, Kepulauan Riau 29424, Indonesia",Kota Batam,Kepulauan Riau
"Jl. Gatot Subroto, Kp. Bulang, Kec. Tanjungpinang Tim., Kota Tanjung Pinang, Kepulauan Riau",Kota Tanjung Pinang,Kepulauan Riau
"JL. Raden Patah, No. 39 & 41, Lubuk Baja, Kp. Pelita, Kec. Lubuk Baja, Kota Batam, Kepulauan Riau 29444, Indonesia",Kota Batam,Kepulauan Riau
"Jl. Imam Bonjol-Komplek Nagoya Newtown Jl. Komp. Nagoya City Walk No.15, RT.001/RW.006, Lubuk Baja Kota, Kec. Lubuk Baja, K",Kota Batam,Kepulauan Riau
"Jl.Epcos Jaya ,Panbill Industri Block B1-10 Batam, Kep. Riau",Kota Batam,Kepulauan Riau
"Jl. Raja Alikelana, Belian, Kec. Batam Kota, Kota Batam, Kepulauan Riau",Kota Batam,Kepulauan Riau
"Jl. Hang Lekiu, Sambau, batam, Kota Batam, Kepulauan Riau 29465, Indonesia",Kota Batam,Kepulauan Riau
"Komplek Aku Tahu Ii Blok C/3, Sungai Panas, Batam Kota, Kota Batam, Kepulauan Riau 29432",Kota Batam,Kepulauan Riau
"Jl.Gajah Mada Komp. Ruko TibanTaman Sari, Kep. Riau",Kota Batam,Kepulauan Riau
"Jl. Imam Bonjol, Komp. Nagoya Hill, Kota Batam, Kep. Riau",Kota Batam,Kepulauan Riau
"Pt Phillips Komp Industrial Panbil, Kota Batam, Kep. Riau",Kota Batam,Kepulauan Riau
"Jl Batu Sisir Bukit Arai Ranai Natuna, Kabupaten Natuna, Kep. Riau",Kabupaten Natuna,Kepulauan Riau
"Jl. Raya Serpong, Tj. Pinang Timur, Bukit Bestari, Kota Tanjung Pinang, Kepulauan Riau",Kota Tanjung Pinang,Kepulauan Riau
Jl. Baru Dompak Km 8 Komp D'Green City Tanjung Pinang,Kota Tanjung Pinang,Kepulauan Riau
"Ganet Jl. Baru Bandara Fisabilillah, Kota Tanjung Pinang, Kep. Riau",Kota Tanjung Pinang,Kepulauan Riau
"Jl. Anggrek Blok Ii Lubuk Baja,Batam, Kota Batam, Kep. Riau",Kota Batam,Kepulauan Riau
"Aviari Plaza Batuaji, Kota Batam, Kota Batam, Kep. Riau",Kota Batam,Kepulauan Riau
"Jl. Pahlawan, Bukit Tempayan, Kec. Batu Aji, Kota Batam, Kepulauan Riau 29425, Indonesia",Kota Batam,Kepulauan Riau
"Plaza Aviari, Buliang, Kec. Batu Aji, Kota Batam, Kepulauan Riau",Kota Batam,Kepulauan Riau
"Jl. Di Panjaitan Km 7 No.Tanjung Pinang, Kep. Riau",Kota Tanjung Pinang,Kepulauan Riau
"Jl.Sulaiman Abdullah Tanjung Pinang Ex Jl. Tugu Pahlawan, Tanjungpinang",Kota Tanjung Pinang,Kepulauan Riau
"Sei Jang, Bukit Bestari, Kota Tanjung Pinang, Kepulauan Riau",Kota Tanjung Pinang,Kepulauan Riau
"Kawal, Gn. Kijang, Kabupaten Bintan, Kepulauan Riau 29151",Kota Tanjung Pinang,Kepulauan Riau
"Jl.Teluk Airtanjung Balai Karimun, Kabupaten Karimun, Kep. Riau",Kabupaten Karimun,Kepulauan Riau
"Komp. Ruko Dc Mall No.10-12 Batam, Kota Batam, Kep. Riau",Kota Batam,Kepulauan Riau
"Jl. Bunga Raya, Batu Selicin, Kec. Lubuk Baja, Kota Batam, Kepulauan Riau",Kota Batam,Kepulauan Riau
"Jl. S. Parman, Tj. Piayu, Kec. Sei Beduk, Kota Batam, Kepulauan Riau 29433, Indonesia",Kota Batam,Kepulauan Riau
"Jl.Hanglekir Komp.Legenda Kota Batam, Kota Batam, Kep. Riau",Kota Batam,Kepulauan Riau
"Jl. Gajah Mada, Komplek Pertokoan Cipta Puri Blok A/32",Kota Batam,Kepulauan Riau
"Tanjung Uncang, Batu Aji, Batam City, Riau Islands 29424",Kota Batam,Kepulauan Riau
"Jl. Brigjend Katamso Pasar Fanindo Tanjung Uncang, Kep. Riau",Kota Batam,Kepulauan Riau
"Jl. Laksamana Bintan No. 4 Bengkong Indah, Kep. Riau",Kota Batam,Kepulauan Riau
"Ds. Pangke, Kecamatan Meral | Kepulauan Riau | Kabupaten Karimun",Kabupaten Karimun,Kepulauan Riau
"Jl. Brigjen Katamso, Kawasan Industri Latrade, Kep. Riau",Kota Batam,Kepulauan Riau
"Jl. Bengkong Kolam Blk. A1 No.1, Sadai, Kec. Bengkong, Kota Batam, Kepulauan Riau 29444, Indonesia",Kota Batam,Kepulauan Riau
Komp. Buana Business Centre Blok B No.1-11 Dapur Dua Belas,Kota Batam,Kepulauan Riau
"Jl. Yos Sudarso, Bengkong Indah, Kec. Bengkong, Kota Batam, Kepulauan Riau 29432",Kota Batam,Kepulauan Riau
"Aviari Plaza Lt.Iii No.01, Batu Aji, Kota Batam, Kep. Riau",Kota Batam,Kepulauan Riau
"Aviari Plaza Lt.Iii No.01, Batu Aji, Kota Batam, Kep. Riau",Kota Batam,Kepulauan Riau
"Kawasan Industri Cammo Batam Centre, Kota Batam, Kep. Riau",Kota Batam,Kepulauan Riau
Komp.Pertokoan Palm Regency (Perumahan Marcelia) Batam,Kota Batam,Kepulauan Riau
"Jl. Tengku Sulung, Belian Kota Batam, Kota Batam, Kep. Riau",Kota Batam,Kepulauan Riau
"Komp Pertokoan Cipta Puri Jl. Gajah Mada Tiban, Kep. Riau",Kota Batam,Kepulauan Riau
"Kompl. Pertokoan Botania, Batam Center, Kota Batam, Kep. Riau",Kota Batam,Kepulauan Riau
"Komp. Pertokoan Botania Garden, Batam Centre, Kep. Riau",Kota Batam,Kepulauan Riau
"Jl. Ahmad Yani Kompleks Kara Junction, Kota Batam, Kep. Riau",Kota Batam,Kepulauan Riau
"Planet Holiday Hotel & Residence, Jl. Raja Ali Haji,Sei Jodoh, Sungai Jodoh, Batu Ampar, Kota Batam, Kepulauan Riau",Kota Batam,Kepulauan Riau
"Jl. Pramuka No.2, Ranai Kota, Bunguran Tim., Kabupaten Natuna, Kepulauan Riau 29783, Indonesia",Kabupaten Natuna,Kepulauan Riau
"Jl. Hang Jebat, Kijang Kota, Bintan Tim., Kabupaten Bintan, Kepulauan Riau",Kabupaten Bintan,Kepulauan Riau
"Jl. Patimura, Kabil, Kecamatan Nongsa, Kota Batam, Kepulauan Riau 29467, Indonesia",Kota Batam,Kepulauan Riau
"Jl.Boulevard Depan Perumahan Plamo Batam, Kep. Riau",Kota Batam,Kepulauan Riau
Jl. Bunga Mawar Batu Selicin Lubuk Baja Kota Batam,Kota Batam,Kepulauan Riau
"Jl. Jend. Sudirman, Batam Centre, Kota Batam, Kep. Riau",Kota Batam,Kepulauan Riau
"Pelabuhan Ferry Intl Batam Centre, Kota Batam, Kep. Riau",Kota Batam,Kepulauan Riau
"Muara Basung, Kec. Pinggir, Kabupaten Bengkalis, Riau 28784, Indonesia",Kota Batam,Kepulauan Riau
"Kompleks Palm Spring-Sungai Panas, Kota Batam, Kep. Riau",Kota Batam,Kepulauan Riau
"Jl. Kodja Bahari, Batu Besar, Kecamatan Nongsa, Kota Batam, Kepulauan Riau 29467, Indonesia",Kota Batam,Kepulauan Riau
"Komplek Bintan Center, Jl. Di Panjaitan Km 9. Tanjung Pinang",Kota Tanjung Pinang,Kepulauan Riau
"Jl.D.I.Panjaitan Km.9 Tanjung Pinang, Kota Tanjung Pinang, Kep. Riau",Kota Tanjung Pinang,Kepulauan Riau
Komp.Permata Niaga Blok B No.6 Bukit Indah Sukajadi Batam,Kota Batam,Kepulauan Riau
"Komp. Pertokoan Mitra Raya Blok F/3 Batam Kota, Kep. Riau",Kota Batam,Kepulauan Riau
"Komp.Rananta Blok A No.1, Legenda Malaka, Kep. Riau",Kota Batam,Kepulauan Riau
"Komp.Rananta Blok A No.1, Legenda Malaka, Kep. Riau",Kota Batam,Kepulauan Riau
"Belian, Batam Kota, Batam City, Riau Islands 29465, Indonesia",Kota Batam,Kepulauan Riau
"Jl. Engku Putri Utara, Tlk. Tering, Kec. Batam Kota, Kota Batam, Kepulauan Riau",Kota Batam,Kepulauan Riau
"Pertokoan Buana Point Putri Hijau, Sungai Langkai Sagulung Kota Batam",Kota Batam,Kepulauan Riau
"Ruko Golden Land Blok L No. 15 - 16 , Batam Centre, Taman Baloi, Batam Kota, Kota Batam, Kepulauan Riau 29453",Kota Batam,Kepulauan Riau
"Komp.Pertokoan Mega Legenda Blok A1 No. 25-26, Kep. Riau",Kota Batam,Kepulauan Riau
"Komp.Pertokoan Mega Legenda Blok A1 No. 25-26, Kep. Riau",Kota Batam,Kepulauan Riau
"Komp.Pertokoan Botania Garden, Batam Centre, Kep. Riau",Kota Batam,Kepulauan Riau
"Komp. Pertokoan Botania Garden, Batam Centre, Kep. Riau",Kota Batam,Kepulauan Riau
Komp.Pertokoan Mega Legenda Blok A1 No.25-26 Batam,Kota Batam,Kepulauan Riau
Komp.Pertokoan Mega Legenda Blok A1 No.25-26 Batam,Kota Batam,Kepulauan Riau
"Jl. Raja Haji Fisabilillah Bundaran, Kota Batam, Kep. Riau",Kota Batam,Kepulauan Riau
"Mall Grand Batam Jl. Pembangunan Kota Batam, Kep. Riau",Kota Batam,Kepulauan Riau
"Komp. Pertokoan Baru No 16-20 Pasar Sei Harapan, Batam City, Riau Islands 29428",Kota Batam,Kepulauan Riau
"Jl.Gajah Mada Komp.Tiban Centre Blok I No.1,,2,3,  Batam City, Indonesia 29426",Kota Batam,Kepulauan Riau
"Komp Tiban Center Blok I No.1-3 Batam, Kota Batam, Kep. Riau",Kota Batam,Kepulauan Riau
"Komp Golden Welth Blok A No.1-9 Tiban Centre, Kep. Riau",Kota Batam,Kepulauan Riau
"Komp. Pertokoan Golden Wealth Blok A No. 1-9, Tiban Indah, Batam, Kota Batam, Kepulauan Riau 29426",Kota Batam,Kepulauan Riau
"Komplek Sagulung Mas Indah Batu Aji Batam, Kep. Riau",Kota Batam,Kepulauan Riau
"Komp.Sagulung Mas Indah Batu Aji,Batam, Kabupaten Bintan, Kep. Riau",Kabupaten Bintan,Kepulauan Riau
"Jl. Nagoya Garden, Kp. Seraya, Kec. Batu Ampar, Kota Batam, Kepulauan Riau 29444, Indonesia",Kota Batam,Kepulauan Riau
"Jl. Budi Kemuliaan No. 3C, Kampung Seraya, Kep. Riau",Kota Batam,Kepulauan Riau
"Komp Sentosa Perdana Blok A/1 Batu Aji, Kota Batam, Kep. Riau",Kota Batam,Kepulauan Riau
"Komp. Pertokoan Sentosa Perdana (Gedung Plaza Ii), Kep. Riau",Kota Batam,Kepulauan Riau
"Jl. Indun Suri, Tlk. Sasah, Seri Kuala Lobam, Kabupaten Bintan, Kepulauan Riau",Kabupaten Bintan,Kepulauan Riau
"Jl Ahmad Yani, Plaza Panbil Kota Batam, Kota Batam, Kep. Riau",Kota Batam,Kepulauan Riau
"Jl. Raya Ali H. Komp. Batam Sentosa, Kec. Lubuk Baja, Batam",Kota Batam,Kepulauan Riau
"Jalan Pelita Vi No.99, Kampung Pelita, Lubuk Baja, Kp. Pelita, Lubuk Baja, Kota Batam, Kepulauan Riau 29432",Kota Batam,Kepulauan Riau
"Jl. Mt .Haryono Tg Balai Karimun, Kabupaten Karimun, Kep. Riau",Kabupaten Karimun,Kepulauan Riau