"Jl. S. Parman No.50, Padang Jati, Kec. Ratu Samban, Kota Bengkulu, Bengkulu 38222, Indonesia",Kota Bengkulu,Bengkulu
"Jl. S. Parman No.50, Padang Jati, Kec. Ratu Samban, Kota Bengkulu, Bengkulu 38222, Indonesia",Kota Bengkulu,Bengkulu
"Jl. S. Parman No.50, Padang Jati, Kec. Ratu Samban, Kota Bengkulu, Bengkulu 38222, Indonesia",Kota Bengkulu,Bengkulu
"Jl Jend Ahmad Yani No 60 Bengkulu 38115, Bengkulu",Kota Bengkulu,Bengkulu
"Jl. Ahmad Yani No. 60, Bengkulu, Kota Bengkulu, Bengkulu",Kota Bengkulu,Bengkulu
"Jl. Jend. Ahmad Yani No. 60, Jitra, Teluk Segara Bengkulu",Kota Bengkulu,Bengkulu
"Jl. Merdeka No.223, Ps. Baru, Curup, Kabupaten Rejang Lebong, Bengkulu 39119, Indonesia",Kabupaten Rejang Lebong,Bengkulu
"Jl. Merdeka No. 225, Curup Rejang Lebong, Bengkulu",Kabupaten Rejang Lebong,Bengkulu
"Jl. Salak Raya No.102-103, Lkr. Tim., Kec. Singaran Pati, Kota Bengkulu, Bengkulu 38225, Indonesia",Kota Bengkulu,Bengkulu
"Jl. Salak Raya No. 102 - 103, Bengkulu, Desa Dusun Besar, Gading Cempaka",Kota Bengkulu,Bengkulu
"Jl. Salak Raya No. 102-103, Lingkar Timur Bengkulu",Kota Bengkulu,Bengkulu
"Jl. Ir. Sutami, Kel. Purwodadi, Kec. Kota Arga Makmur",Kabupaten Bengkulu Utara,Bengkulu
"Jl. Ir. Sutami, Kel. Purwodadi, Kota Argamakmur, Bengkulu",Kabupaten Bengkulu Utara,Bengkulu
"Jl. Flamboyan, Ps. Ketahun, Ketahun, Kabupaten Bengkulu Utara, Bengkulu 38361",Kota Bengkulu,Bengkulu
"Jl. Jend. Sudirman No. 231 Pasar Mulia, Pasar Manna",Kabupaten Bengkulu Selatan,Bengkulu
"Jl. Jend. Sudirman No. 231, Kel. Pasar Mulia, Kec. Pasar Manna",Kabupaten Bengkulu Selatan,Bengkulu
Jl. Lintas Barat Sumatera No. 678 Ujung Padang Mukomuko,Kabupaten Mukomuko,Bengkulu
"Jl. Adam Malik No. 1 Gading Cempaka (Km. 8), Bengkulu",Kota Bengkulu,Bengkulu
Spbu 24.382.04 Jl. Adam Malik No. 1 Lingkar Barat Bengkulu,Kota Bengkulu,Bengkulu
"Jl. Depati Payung Negara No. 31, Kota Bengkulu, Bengkulu",Kota Bengkulu,Bengkulu
"Jl. W.R. Supratman, Kandang Limun, Muara Bangka Hulu, Kota Bengkulu, Bengkulu 38371",Kota Bengkulu,Bengkulu
Jl. Putri Gading Cempaka No. 4 Penurunan - Bengkulu,Kota Bengkulu,Bengkulu
"Jl Jend Sudirman No. 202, Pintu Batu, Kota Bengkulu",Kota Bengkulu,Bengkulu
"Jl. S. Parman No. 183, Kel. Kebun Kenanga, Kec. Ratu Agung, Bengkulu",Kota Bengkulu,Bengkulu
Jl. Pariwisata No. 1 Kel. Penurunan Kec. Ratu Samban Kota Bengkulu,Kota Bengkulu,Bengkulu
"Jl. Letjend. S. Parman No. 183 Kota Bengkulu, Bengkulu - 38223 Telepon : (0736) 20016",Kota Bengkulu,Bengkulu
"Jl. Asahan, No. 6, Perumnas Ii, 38225, Padang Harapan, Gading Cemp., Kota Bengkulu, Bengkulu 38225",Kota Bengkulu,Bengkulu
"Jl. Pangeran Natadirja Km. 6.5 Bengkulu, Bengkulu",Kota Bengkulu,Bengkulu
"Ps. Kepahiang, Kec. Kepahiang, Kabupaten Kepahiang, Bengkulu 39372",Kabupaten Kepahiang,Bengkulu
"Jl. Raya Padang Kemiling - Slebar - Bengkulu, Bengkulu",Kota Bengkulu,Bengkulu
"Jl. Mt Haryono No.19 B Bengkulu, Kota Bengkulu, Bengkulu",Kota Bengkulu,Bengkulu
"Jl. Bhakti Husada No.88 Bengkulu, Kota Bengkulu, Bengkulu",Kota Bengkulu,Bengkulu
"Jl. Re Martadinata Rt. 21.Rw. 2 Kel. Kandang, Bengkulu",Kota Bengkulu,Bengkulu
"Jl. S. Parman No.61, RW.02, Padang Jati, Kec. Ratu Agung, Kota Bengkulu, Bengkulu 38222, Indonesia",Kota Bengkulu,Bengkulu
"Jl. Kepahiang Timur, Kembang Seri, Talang Empat, Central Bengkulu Regency, Bengkulu 38385",Kota Bengkulu,Bengkulu
Jl. Raya Bengkulu / Curup Kembang Seri Kabupaten Tengah Spbu Pt Prof Jamal Annur,Kabupaten Bengkulu Tengah,Bengkulu
"Jl. Indragiri 3 Pd. Harapan, Padang Harapan, Gading Cemp., Kota Bengkulu, Bengkulu 38115",Kota Bengkulu,Bengkulu
"Jl. Raya Siteba No.59 E Kel, Surau Gadang, Kec. Nanggalo, Kota Padang, Sumatera Barat 25173, Indonesia",Kota Bengkulu,Bengkulu
Jl. Merapi 8 No. 104 Rt. 05 Panorama - Toko Modhecom,Kabupaten Bengkulu Selatan,Bengkulu
"Jl. K.H. Abidin Ii Pasar Minggu Bengkulu, Bengkulu",Kota Bengkulu,Bengkulu
"Jl. Citandui, RT.11/RW.011, Muara Dua, Kp. Melayu, Kota Bengkulu, Bengkulu 38215",Kota Bengkulu,Bengkulu
"Jl. Salak Raya No. 102-103, Lingkar Timur Bengkulu",Kota Bengkulu,Bengkulu