"Jl. H. Abdullah Silondae 45, Mondonga - Kendari, Sulawesi Tenggara",Kota Kendari,Sulawesi Tenggara
"Jl. H. Abdullah Silondae 45, Mondonga - Kendari, Sulawesi Tenggara",Kota Kendari,Sulawesi Tenggara
"Jl. H. Abdullah Silondae 45, Mondonga - Kendari, Sulawesi Tenggara",Kota Kendari,Sulawesi Tenggara
"Jl. H. Abdullah Silondae 45, Mondonga - Kendari, Sulawesi Tenggara",Kota Kendari,Sulawesi Tenggara
"Jl. H. Abdullah Silondae 45, Mondonga - Kendari, Sulawesi Tenggara",Kota Kendari,Sulawesi Tenggara
"Jl. H. Abdullah Silondae 45, Mondonga - Kendari, Sulawesi Tenggara",Kota Kendari,Sulawesi Tenggara
"Jl. A Yani No. 40, Kompleks Antam Pomalaa, Sulawesi Tenggara",Kabupaten Kolaka,Sulawesi Tenggara
"Jl. Sultan Hasanuddin No.9 E, Punggaloba, Kendari Bar., Kota Kendari, Sulawesi Tenggara 93123, Indonesia",Kota Kendari,Sulawesi Tenggara
"Jl. Walter Monginsidi (Poros Bandara Haluleo), Sulawesi Tenggara",Kabupaten Pomalaa,Sulawesi Tenggara
"Jl. Sultan Hasanuddin, No.66,Kel. Punggaloba Kec. Kendari Barat",Kota Kendari,Sulawesi Tenggara
"Jl. Ahmad Yani, Kelurahan Kadia, Kecamatan Kadia, Sulawesi Tenggara",Kota Kendari,Sulawesi Tenggara
"Jl. Khairil Anwar E. Kel No.34, Lamokato, Kolaka, Kabupaten Kolaka, Sulawesi Tenggara, Indonesia",Kabupaten Kolaka,Sulawesi Tenggara
"Jl. Khairil Anwar E. Kel No.34, Lamokato, Kolaka, Kabupaten Kolaka, Sulawesi Tenggara, Indonesia",Kabupaten Kolaka,Sulawesi Tenggara
"Jl. Khairil Anwar E. Kel No.34, Lamokato, Kolaka, Kabupaten Kolaka, Sulawesi Tenggara, Indonesia",Kabupaten Kolaka,Sulawesi Tenggara
"Jalan Bunggasi No. 9, Anduonohu, Poasia, Kendari, Kota Kendari, Sulawesi Tenggara 93231",Kota Kendari,Sulawesi Tenggara
"Jl. Abdullah Silondae, tinanggea, Kabupaten Konawe Selatan, SULAWESI TENGGARA",Kabupaten Konawe Selatan,Sulawesi Tenggara
"Jl. Lumba-Lumba,Kel. Laiworu, Kec. Batalaiworu, Sulawesi Tenggara",Kabupaten Muna,Sulawesi Tenggara
"Jalan Batara Guru, Jl. Batara Guru No.17, Lanto, Murhum, Kota Bau-Bau, Sulawesi Tenggara 93717, Indonesia",Kota Bau-Bau,Sulawesi Tenggara
"Jalan Batara Guru, Jl. Batara Guru No.17, Lanto, Murhum, Kota Bau-Bau, Sulawesi Tenggara 93717, Indonesia",Kota Bau-Bau,Sulawesi Tenggara
"Jalan Batara Guru, Jl. Batara Guru No.17, Lanto, Murhum, Kota Bau-Bau, Sulawesi Tenggara 93717, Indonesia",Kota Bau-Bau,Sulawesi Tenggara
"Jl. Brigjend M. Yoenoes No. 189 A-B, Kota Kendari, Sulawesi Tenggara",Kota Kendari,Sulawesi Tenggara
"Jl. Brigjend M. Yoenoes No. 189 A-B, Kota Kendari, Sulawesi Tenggara",Kota Kendari,Sulawesi Tenggara
"Jl. Tomanggera No.36,Rante Limbong, Lasusua, Sulawesi Tenggara",Kabupaten Kolaka Utara,Sulawesi Tenggara
"Jl. Jend. Ah. Nasution,Kel. Lalolara, Kec. Kambu, Sulawesi Tenggara",Kota Kendari,Sulawesi Tenggara
"Jl. Jend. A. H. Nasution,Kel. Kambu, Kota Kendari, Sulawesi Tenggara",Kota Kendari,Sulawesi Tenggara
"Jalan D.I Panjaitan (Bundaran Pesawat) Lepo-Lepo, Kota Kendari, Sulawesi Tenggara - 93117",Kota Kendari,Sulawesi Tenggara
"Jl. DI Panjaitan No.6, Wundudopi, Baruga, Kota Kendari, Sulawesi Tenggara 93117, Indonesia",Kota Kendari,Sulawesi Tenggara
"Jalan D.I Panjaitan (Bundaran Pesawat) Lepo-Lepo, Kota Kendari, Sulawesi Tenggara - 93117",Kota Kendari,Sulawesi Tenggara
"Jl. Findayani No.5, Wundudopi, Baruga, Kota Kendari, Sulawesi Tenggara 93117, Indonesia",Kota Kendari,Sulawesi Tenggara
"Jl. Wolter Mongonsidi(Poros Bandara Haluoleo), Ranooha, Kendari, Kabupaten Konawe Selatan, Sulawesi Tenggara 93871",Kabupaten Konawe Selatan,Sulawesi Tenggara
"Jl. Raden Soeprapto No.163, Tobuuha, Puuwatu, Kota Kendari, Sulawesi Tenggara 93115, Indonesia",Kota Kendari,Sulawesi Tenggara
"Jl. Supu Yusuf, Kel. Korumba, Kec. Mandonga, Sulawesi Tenggara",Kota Kendari,Sulawesi Tenggara
"Jl. Jend. Sudirman, Dawi-Dawi, Pomalaa, Kabupaten Kolaka, Sulawesi Tenggara 93562, Indonesia",Kabupaten Kolaka,Sulawesi Tenggara
"Jl.  Sao-Sao No. 200 Kel. Bende, Kec. Kadia, Sulawesi Tenggara",Kota Kendari,Sulawesi Tenggara
"Jalan Mt. Haryono,Kel. Bende, Kec. Kadia, Sulawesi Tenggara",Kota Kendari,Sulawesi Tenggara
"Jl. Raden Suprapto,Kel. Watulondo,Kec. Puuwatu, Sulawesi Tenggara",Kota Kendari,Sulawesi Tenggara
"Jl Mt Haryono No 25,Kel. Wowawanggu,Kec. Kadia, Sulawesi Tenggara",Kota Kendari,Sulawesi Tenggara
"Jl. H.Abdullah Silondae No.45,Kel. Korumba,Kec. ,Mandonga",Kota Kendari,Sulawesi Tenggara
"Jl.  Sao-Sao No. 200 Kel. Bende, Kec. Kadia, Sulawesi Tenggara",Kota Kendari,Sulawesi Tenggara
"Jl. Budi Utomo (P2Id) No. 34, Mataiwoi, Wua-Wua, Sulawesi Tenggara",Kota Kendari,Sulawesi Tenggara
"Jl. Ir. H. Alala, Kelurahan Watuwatu, Kendari Barat",Kota Kendari,Sulawesi Tenggara
"Jalan D.I Panjaitan (Bundaran Pesawat) Lepo-Lepo, Kota Kendari, Sulawesi Tenggara - 93117",Kota Kendari,Sulawesi Tenggara
"Jl. Mayjen. Sutoyo No.4, Tipulu, Kendari Bar., Kota Kendari, Sulawesi Tenggara 93122, Indonesia",Kota Kendari,Sulawesi Tenggara
"Jl. Malaka No.52, Kambu, Kec. Kambu, Kota Kendari, Sulawesi Tenggara 93231, Indonesia",Kota Kendari,Sulawesi Tenggara
"Jl. M.T. Haryono No.61-63, Bende, Kec. Kadia, Kota Kendari, Sulawesi Tenggara 93117, Indonesia",Kota Kendari,Sulawesi Tenggara
"Jl. Pemuda, Kel. Laloeha, Kec. Kolaka, Kabupaten Kolaka, Sulawesi Tenggara",Kabupaten Kolaka,Sulawesi Tenggara
"Jl. Mayjend S. Parman, Kemaraya, Kota Kendari, SULAWESI TENGGARA",Kota Kendari,Sulawesi Tenggara
"Jl. Sultan Hasanuddin No.58,Batulo,Wolio, Sulawesi Tenggara",Kota Bau-Bau,Sulawesi Tenggara
"Jl. Martandu, Kambu, Kec. Kambu, Kota Kendari, Sulawesi Tenggara 93231, Indonesia",Kota Kendari,Sulawesi Tenggara
"Jl. Prof. M. Yamin No.11, Puuwatu, Kota Kendari, Sulawesi Tenggara 93114, Indonesia",Kota Kendari,Sulawesi Tenggara
"G7CV+JV4, Tapunggaeya, Molawe, North Konawe Regency, South East Sulawesi 93352, Indonesia",Kota Kendari,Sulawesi Tenggara
"Jl. Wr. Soepratman No.25, Kandai, Kendari, Kota Kendari, Sulawesi Tenggara",Kota Kendari,Sulawesi Tenggara
"Jl. Moh. Husni Thamrin No. 44B-C, Tomba, Wolio, Kota Bau-Bau, Sulawesi Tenggara 93717",Kota Bau-Bau,Sulawesi Tenggara
"Jl. DR. Sutomo No.1, Tobuuha, Puuwatu, Kota Kendari, Sulawesi Tenggara 93112, Indonesia",Kota Kendari,Sulawesi Tenggara
"Jl. A. Yani, Pomalaa Kompleks Kantor Antam, Sulawesi Tenggara",Kabupaten Kolaka,Sulawesi Tenggara
"Jl. Abdullah Silondae Kendari,Kelurahan Korumba Kecamatan Mandonga",Kota Kendari,Sulawesi Tenggara
"Jl. Tun Abdul Razak, Tombolo, Kec. Somba Opu, Kabupaten Gowa, Sulawesi Selatan 90233, Indonesia",Kota Kendari,Sulawesi Tenggara
"Jalan D.I Panjaitan No. 198,Kel. Bonggoeya, Kec. Wua-Wua",Kota Kendari,Sulawesi Tenggara
"Jl. Jalan Poros Morosi,Desa Bondoala, Kabupaten Konawe, Sulawesi Tenggara",Kabupaten Konawe,Sulawesi Tenggara
"Komplek Hollywood Square, Jl. Saranani, Korumba, Kec. Mandonga,",Kota Kendari,Sulawesi Tenggara
Jl. Poros Kolaka – Kolaka Utara Kecamatan Wolo Kabupaten Kolaka,Kabupaten Kolaka,Sulawesi Tenggara
"Jl. Pemuda No.367, Balandete, Kolaka, Kabupaten Kolaka, Sulawesi Tenggara 93561, Indonesia",Kabupaten Kolaka,Sulawesi Tenggara
"Jl. Trans Sulawesi Kec Lasusua, Tojabi, Kabupaten Kolaka Utara, Sulawesi Tenggara",Kabupaten Kolaka Utara,Sulawesi Tenggara
"Jl. Jens Jl. Jend. Ahmad Yani No.65, Raha,Pulau, Katobu, Kabupaten Muna, Sulawesi Tenggara 93614",Kabupaten Muna,Sulawesi Tenggara
"RK 2, Pelambua, Pomalaa, Kabupaten Kolaka, Sulawesi Tenggara 93562, Indonesia",Kabupaten Kolaka,Sulawesi Tenggara
"Jl. Pembangunan No.1, Sanua, Kendari Bar., Kota Kendari, Sulawesi Tenggara, Indonesia",Kota Kendari,Sulawesi Tenggara
"Jl. Jenderal Sudirman No. 15,Kel. Tumpas, Kec. Unaaha",Kabupaten Konawe,Sulawesi Tenggara
"Jl. Sultan Hasanuddin, No.66,Kel. Punggaloba Kec. Kendari Barat",Kota Kendari,Sulawesi Tenggara
Jl. Poros Morosi – Konawe Utara Kabupaten Konawekabupaten Kolaka,Kota Kendari,Sulawesi Tenggara
"Jl. Tapak Kuda,Kel.  Korumba,Kec. Mandonga, Sulawesi Tenggara",Kota Kendari,Sulawesi Tenggara
"Jalan D.I Panjaitan (Bundaran Pesawat) Lepo-Lepo, Kota Kendari, Sulawesi Tenggara - 93117",Kota Kendari,Sulawesi Tenggara
"Jl. R.E Martadinata, Kessilampe,Kota Kendari, Sulawesi Tenggara",Kota Kendari,Sulawesi Tenggara
"Jl Malaka, Kel. Andonohu, Kec. Poasia, Kota Kendari, Sulawesi Tenggara",Kota Kendari,Sulawesi Tenggara
"Jl. M.T Haryono, No. 61-63,Kelurahan Bende Kecamatan Kadia",Kota Kendari,Sulawesi Tenggara
"Luwuk, Banggai Regency, Central Sulawesi 94711, Indonesia",Kota Kendari,Sulawesi Tenggara
"Kampus Universitas Haluoleo Jl.H.E.A Mokodompit, Sulawesi Tenggara",Kota Kendari,Sulawesi Tenggara
"Jl. Kapten Piere Tendean No.33, Swalayan, Baruga, Kota Kendari, Sulawesi Tenggara 93116, Indonesia",Kota Kendari,Sulawesi Tenggara