"Jl. Firdaus 2 No.76, Pasiran, Singkawang Bar., Kota Singkawang, Kalimantan Barat 79122, Indonesia",Kota Samarinda,Kalimantan Timur
"Jl. Firdaus 2 No.76, Pasiran, Singkawang Bar., Kota Singkawang, Kalimantan Barat 79122, Indonesia",Kota Samarinda,Kalimantan Timur
"Jl. R. Suprapto No 28 E-F, Sampit, Delta Pawan, Kabupaten Ketapang, Kalimantan Barat 78811, Indonesia",Kota Samarinda,Kalimantan Timur
"Jl. Ahmad Yani, Mabuun, Murung Pudak, Kabupaten Tabalong, Kalimantan Selatan 71571, Indonesia",Kabupaten Kutai Kartanegara,Kalimantan Timur
"Jl. Mulawarman No.23, Pelabuhan, Kec. Samarinda Kota, Kota Samarinda, Kalimantan Timur 75242, Indonesia",Kota Samarinda,Kalimantan Timur
"Kota Samarinda, Kalimantan Timur, Kota Samarinda, Kalimantan Timur",Kota Samarinda,Kalimantan Timur
"Jl. Kapten Soedjono.Aj, Simpang Pasir, Kec. Palaran, Kota Samarinda, Kalimantan Timur 75251, Indonesia",Kota Samarinda,Kalimantan Timur
"Jl. Mulawarman No.23, Pelabuhan, Kec. Samarinda Kota, Kota Samarinda, Kalimantan Timur 75242, Indonesia",Kota Samarinda,Kalimantan Timur
"Jl. Kapten Soedjono.Aj, Simpang Pasir, Kec. Palaran, Kota Samarinda, Kalimantan Timur 75251, Indonesia",Kota Samarinda,Kalimantan Timur
"Jl. K. Haji Ahmad Mukhsin No. 36, Timbau, Tenggarong, Timbau, Kec. Tenggarong, Kabupaten Kutai Kartanegara, Kalimantan Timur 75513, Indonesia",Kota Samarinda,Kalimantan Timur
Jl. Kh Akhmad Mukhsin No. 36 Tenggarong Kalimantan Timur,Kabupaten Kutai Kartanegara,Kalimantan Timur
"Jembayan Dalam, Kec. Loa Kulu, Kabupaten Kutai Kartanegara, Kalimantan Timur 75571, Indonesia",Kabupaten Kutai Kartanegara,Kalimantan Timur
"Jl. P. AntasariTenggarong, Sempaja Utara, Kec. Samarinda Utara, Kota Samarinda, Kalimantan Timur 75127, Indonesia",Kota Samarinda,Kalimantan Timur
"Jl. K. Haji Ahmad Mukhsin No. 36, Timbau, Tenggarong, Timbau, Kec. Tenggarong, Kabupaten Kutai Kartanegara, Kalimantan Timur 75513, Indonesia",Kabupaten Kutai Kartanegara,Kalimantan Timur
"Jl. Yos Sudarso Ii No. 17 B-C, Sangatta, Kalimantan Timur",Kabupaten Kutai Timur,Kalimantan Timur
"Jl. Jend. Ahmad Yani, Sangatta Utara, Kabupaten Kutai Timur, Kalimantan Timur",Kabupaten Kutai Timur,Kalimantan Timur
"Jl. Yos Sudarso 2 No.36, Sangatta Utara, Kabupaten Kutai Timur, Kalimantan Timur 75683, Indonesia",Kabupaten Kutai Timur,Kalimantan Timur
"Jl. Yos Sudarso Ii No. 17 B-C, Sangatta, Kalimantan Timur",Kabupaten Kutai Timur,Kalimantan Timur
"Jl. Letjend S.Parman No.24, Temindung Permai, Kec. Sungai Pinang, Kota Samarinda, Kalimantan Timur 75242, Indonesia",Kota Samarinda,Kalimantan Timur
"Jl. Hasan Basri No.1, Temindung Permai, Kec. Sungai Pinang, Kota Samarinda, Kalimantan Timur 75242, Indonesia",Kota Samarinda,Kalimantan Timur
"Jl. Ir. Soekarno Hatta Rt. 18 Handil, Kabupaten Kutai Kartanegara, Kalimantan Timur",Kabupaten Kutai Kartanegara,Kalimantan Timur
"Jl. Ir Soekarno , Handil - Muara Jawa, Kabupaten Kutai Kartanegara, Kalimantan Timur",Kabupaten Kutai Kartanegara,Kalimantan Timur
"Jl. Bung Tomo No. 1 Samarinda Seberang, Sungai Keledang",Kota Samarinda,Kalimantan Timur
"Jl. Sultan Hasanuddin No.19 Samarinda Seberang, Kalimantan Timur",Kota Samarinda,Kalimantan Timur
"Jl. Wahid Hasyim I No.5, Sempaja Sel., Kec. Samarinda Utara, Kota Samarinda, Kalimantan Timur 75119, Indonesia",Kota Samarinda,Kalimantan Timur
"South Sangatta, East Kutai Regency, East Kalimantan, Indonesia",Kota Samarinda,Kalimantan Timur
"Jl. Donald Isaac Panjaitan No.31, Sungai Pinang Dalam, Kec. Samarinda Utara, Kota Samarinda, Kalimantan Timur 75117, Indonesia",Kota Samarinda,Kalimantan Timur
"Jl. Donald Isaac Panjaitan No.31, Sungai Pinang Dalam, Kec. Samarinda Utara, Kota Samarinda, Kalimantan Timur 75117, Indonesia",Kota Samarinda,Kalimantan Timur
"Jl. Donald Isaac Panjaitan No.31, Sungai Pinang Dalam, Kec. Samarinda Utara, Kota Samarinda, Kalimantan Timur 75117, Indonesia",Kabupaten Kutai Timur,Kalimantan Timur
"Jl. Kesuma Bangsa No.76, Bugis, Kec. Samarinda Kota, Kota Samarinda, Kalimantan Timur 75121, Indonesia",Kota Samarinda,Kalimantan Timur
"Jl. Kesuma Bangsa No.76, Bugis, Kec. Samarinda Kota, Kota Samarinda, Kalimantan Timur 75121, Indonesia",Kota Samarinda,Kalimantan Timur
"Jl. Kesuma Bangsa No.76, Bugis, Kec. Samarinda Kota, Kota Samarinda, Kalimantan Timur 75121, Indonesia",Kota Samarinda,Kalimantan Timur
"Jl. Ir. H. Juanda, Air Hitam, Kec. Samarinda Ulu, Kota Samarinda, Kalimantan Timur 75124, Indonesia",Kota Samarinda,Kalimantan Timur
"Jl. Juanda 2 No.8, Air Hitam, Kec. Samarinda Ulu, Kota Samarinda, Kalimantan Timur 75243, Indonesia",Kota Samarinda,Kalimantan Timur
"Jl. Pahlawan No.6, Dadi Mulya, Kec. Samarinda Ulu, Kota Samarinda, Kalimantan Timur 75123, Indonesia",Kota Samarinda,Kalimantan Timur
"Jl. Pahlawan No.6, Dadi Mulya, Kec. Samarinda Ulu, Kota Samarinda, Kalimantan Timur 75123, Indonesia",Kota Samarinda,Kalimantan Timur
"Jl. Pahlawan No.6, Dadi Mulya, Kec. Samarinda Ulu, Kota Samarinda, Kalimantan Timur 75123, Indonesia",Kota Samarinda,Kalimantan Timur
"Jl.Untung Suropati No.20, RT.29, Karang Asam Ulu, Kec. Sungai Kunjang, Kota Samarinda, Kalimantan Timur 75126, Indonesia",Kota Samarinda,Kalimantan Timur
"Jl. Untung Suropati, Samarinda Big Mall, Kalimantan Timur",Kota Samarinda,Kalimantan Timur
"Jl. Ir. Soekarno, Muara Jawa Ulu, Muara Jawa, Kabupaten Kutai Kartanegara, Kalimantan Timur 75263, Indonesia",Kabupaten Kutai Kartanegara,Kalimantan Timur
"Jl. Jenderal Sudirman No.22, Ps. Pagi, Kec. Samarinda Kota, Kota Samarinda, Kalimantan Timur 75242, Indonesia",Kota Balikpapan,Kalimantan Timur
"Jl. Trikora Rt.07 Kel. Rawa Makmur, Kec. Samarinda",Kota Samarinda,Kalimantan Timur
"Jl.  Jendral Sudirman Rt 11, Loa Kulu, Kota Samarinda, Kalimantan Timur",Kota Samarinda,Kalimantan Timur
"Jl. Pahlawan No.1, Sidodadi, Kec. Samarinda Ulu, Kota Samarinda, Kalimantan Timur 75123, Indonesia",Kota Samarinda,Kalimantan Timur
"Jl. Awang Long Senopati Rt.08, Kp Barong Tongkok Kec. Barong Tongkok",Kabupaten Kutai Barat,Kalimantan Timur
"Jl. Gajah Mada Rt. 004, Kp Barong Tongkok, Kalimantan Timur",Kabupaten Kutai Barat,Kalimantan Timur
"Jl. Gajah Mada Rt.004 Kampung Barong Tongkok, Kalimantan Timur",Kabupaten Kutai Barat,Kalimantan Timur
"Jl. P Antasari No.51, Tlk. Lerong Ulu, Kec. Sungai Kunjang, Kota Samarinda, Kalimantan Timur 75127, Indonesia",Kota Samarinda,Kalimantan Timur
"Jl. Poros Samarinda Anggana, Sungai Meriam, Kec. Anggana, Kabupaten Kutai Kartanegara, Kalimantan Timur 75256, Indonesia",Kota Samarinda,Kalimantan Timur
"Jl. Cipto Mangunkusumo, Simpang Tiga, Kec. Loa Janan, Kabupaten Kutai Kartanegara, Kalimantan Timur 75391, Indonesia",Kota Samarinda,Kalimantan Timur
"Jl. Imam Bonjol No. 09 Samarinda, Kota Samarinda, Kalimantan Timur",Kota Samarinda,Kalimantan Timur
"simpang, Jl. Perintis Muara Badak, Gas Alam Badak I, Muara Badak, Kabupaten Kutai Kartanegara, Kalimantan Timur 75382, Indonesia",Kota Samarinda,Kalimantan Timur
"simpang, Jl. Perintis Muara Badak, Gas Alam Badak I, Muara Badak, Kabupaten Kutai Kartanegara, Kalimantan Timur 75382, Indonesia",Kota Samarinda,Kalimantan Timur
"Jl. Angkasa No. 1, Airport Road, Komp. Pt Badak, Kalimantan Timur",Kota Bontang,Kalimantan Timur
"Jl. Pesut No. 1B Timbau, Tenggarong, Kab. Kukar, Kalimantan Timur",Kabupaten Kutai Kartanegara,Kalimantan Timur
"Jl. Sidomulyo, Kec. Kongbeng, Kabupaten Kutai Timur, Kalimantan Timur 75655",Kabupaten Kutai Timur,Kalimantan Timur
"Jl. P. Irian No.8, Karang Mumus, Kec. Samarinda Kota, Kota Samarinda, Kalimantan Timur 75242, Indonesia",Kota Samarinda,Kalimantan Timur
"Jl. P. Irian No.8, Karang Mumus, Kec. Samarinda Kota, Kota Samarinda, Kalimantan Timur 75242, Indonesia",Kota Samarinda,Kalimantan Timur
"Jl. Jend. Achmad Yani, Api-Api, Bontang Utara, Kalimantan Timur",Kota Bontang,Kalimantan Timur
"Jl. Ahmad Yani No.23, Api-Api, Bontang Utara, Kota Bontang, Kalimantan Timur 75325, Indonesia",Kota Bontang,Kalimantan Timur
"Jl. Ahmad Yani No.23, Api-Api, Bontang Utara, Kota Bontang, Kalimantan Timur 75325, Indonesia",Kota Bontang,Kalimantan Timur
"Jl. Ahmad Yani No.23, Api-Api, Bontang Utara, Kota Bontang, Kalimantan Timur 75325, Indonesia",Kota Bontang,Kalimantan Timur
Jl Propinsi Km 18 Penajam Paser Utara Penajam Kalimantan Timur,Kabupaten Penajam Paser Utara,Kalimantan Timur
"Sotek, Penajam, North Penajam Paser Regency, East Kalimantan, Indonesia",Kabupaten Penajam Paser Utara,Kalimantan Timur
"Jl. Propinsi Km 18 Petung, Giri Mukti, Penajam, Kabupaten Penajam Paser Utara, Kalimantan Timur 76143",Kabupaten Penajam Paser Utara,Kalimantan Timur
"Jl. Jenderal Sudirman No.71, Klandasan Ilir, Balikpapan Kota, Kota Balikpapan, Kalimantan Timur 76112, Indonesia",Kota Samarinda,Kalimantan Timur
"Jl. Jend. Sudirman No. 71 Balikpapan, Kota Balikpapan, Kalimantan Timur",Kota Balikpapan,Kalimantan Timur
"Jl. Jenderal Sudirman No.71, Klandasan Ilir, Balikpapan Kota, Kota Balikpapan, Kalimantan Timur 76112, Indonesia",Kota Samarinda,Kalimantan Timur
"JL. Jenderal Sudirman, Komplek Balikpapan Baru Blok E2 No. 19, Klandasan Ilir, Balikpapan Kota, Kota Balikpapan, Kalimantan Timur, Indonesia",Kota Balikpapan,Kalimantan Timur
"Jl. Pulau Derawan No.RT.31, Tj. Redeb, Kabupaten Berau, Kalimantan Timur 77315, Indonesia",Kabupaten Berau,Kalimantan Timur
"Jl. Pulau Derawan No.RT.31, Tj. Redeb, Kabupaten Berau, Kalimantan Timur 77315, Indonesia",Kabupaten Berau,Kalimantan Timur
"Jl. Pulau Derawan No.RT.31, Tj. Redeb, Kabupaten Berau, Kalimantan Timur 77315, Indonesia",Kabupaten Berau,Kalimantan Timur
"Gg. Bersama, Rinding, Tlk. Bayur, Kabupaten Berau, Kalimantan Timur 77352, Indonesia",Kabupaten Berau,Kalimantan Timur
"RUMAH BIRU, Jl. Yos Sudarso No.76, Karang Balik, Tarakan Bar., Kota Tarakan, Kalimantan Utara, Indonesia",Kota Balikpapan,Kalimantan Timur
"Jl.Letjend Suprapto No.1 Balikpapan Barat, Kalimantan Timur",Kota Balikpapan,Kalimantan Timur
"Jl.Letjend Suprapto No.1 Balikpapan Barat, Kalimantan Timur",Kota Balikpapan,Kalimantan Timur
"Jl. Semoi No.229, Tepian, Kec. Sembakung, Kabupaten Nunukan, Kalimantan Utara, Indonesia",Kota Balikpapan,Kalimantan Timur
"Jl. Semoi No.229, Tepian, Kec. Sembakung, Kabupaten Nunukan, Kalimantan Utara, Indonesia",Kota Balikpapan,Kalimantan Timur
"Jl. Semoi No.229, Tepian, Kec. Sembakung, Kabupaten Nunukan, Kalimantan Utara, Indonesia",Kota Balikpapan,Kalimantan Timur
"Jl. Letjend Suprapto No. 1 Balikpapan, Kota Balikpapan, Kalimantan Timur",Kota Balikpapan,Kalimantan Timur
"Jl. Enggano No 98 Tanjung Priok, Kota Balikpapan, Kalimantan Timur",Kota Balikpapan,Kalimantan Timur
"Jl. Semoi No.229, Tepian, Kec. Sembakung, Kabupaten Nunukan, Kalimantan Utara, Indonesia",Kota Balikpapan,Kalimantan Timur
"Jl. Borneo Paradiso No.5, Sepinggan, Kecamatan Balikpapan Selatan, Kota Balikpapan, Kalimantan Timur 76116, Indonesia",Kota Balikpapan,Kalimantan Timur
"Perum. Borneo Paradiso Blok A No. 11, Jl. Mulawarman",Kota Balikpapan,Kalimantan Timur
"Jl.Jend.Sudirman No.2-3 Klandasan Balikpapan, Kalimantan Timur",Kota Balikpapan,Kalimantan Timur
"Jl. Syarifudin Yoes Blok Ab-6 No. 6, Kota Balikpapan, Kalimantan Timur",Kota Balikpapan,Kalimantan Timur
"Jl. Belatuk II No.59, Gn. Bahagia, Kecamatan Balikpapan Selatan, Kota Balikpapan, Kalimantan Timur 76114, Indonesia",Kota Balikpapan,Kalimantan Timur
"Jl. Belatuk II No.59, Gn. Bahagia, Kecamatan Balikpapan Selatan, Kota Balikpapan, Kalimantan Timur 76114, Indonesia",Kota Balikpapan,Kalimantan Timur
"Jl. Ahmad Yani No.RT. 22 No.57, Karang Rejo, Kec. Balikpapan Tengah, Kota Balikpapan, Kalimantan Timur 76124, Indonesia",Kota Balikpapan,Kalimantan Timur
"Lantai Mezzanine, Floor Sr-Mf-4, Jl. Marsma R. Iswahyudi",Kota Balikpapan,Kalimantan Timur
"Jl. Ahmad Yani No.19, Klandasan Ilir, Kecamatan Balikpapan Selatan, Kota Balikpapan, Kalimantan Timur 76113, Indonesia",Kota Balikpapan,Kalimantan Timur
"Jl. Ahmad Yani No.19, Klandasan Ilir, Kecamatan Balikpapan Selatan, Kota Balikpapan, Kalimantan Timur 76113, Indonesia",Kota Balikpapan,Kalimantan Timur
"Jl. Jenderal Sudirman No.331-332, Klandasan Ilir, Balikpapan Kota, Kota Balikpapan, Kalimantan Timur, Indonesia",Kota Bontang,Kalimantan Timur
"Jl. Ahmad Yani, Klandasan Ilir, Balikpapan Kota, Kota Balikpapan, Kalimantan Timur, Indonesia",Kota Balikpapan,Kalimantan Timur
"Jl. Ahmad Yani No.19, Klandasan Ilir, Kecamatan Balikpapan Selatan, Kota Balikpapan, Kalimantan Timur 76113, Indonesia",Kota Balikpapan,Kalimantan Timur
"Jl. Jend. A Yani No. 15 Balikpapan, Kota Balikpapan, Kalimantan Timur",Kota Balikpapan,Kalimantan Timur
"Jl. Bukit Niaga No.37, Klandasan Ilir, Balikpapan Kota, Kota Balikpapan, Kalimantan Timur 76113, Indonesia",Kota Balikpapan,Kalimantan Timur
"Komplek Ruko Balikpapan Permai, Jl. Jend. Sudirman No. 642",Kota Balikpapan,Kalimantan Timur
"Jl. Jend. Sudirman No. 65-67 Balikpapan, Kalimantan Timur",Kota Balikpapan,Kalimantan Timur
"Jl. Negara Sukaraja Rt. 06, Sepaku, Kabupaten Penajam Paser Utara, Kalimantan Timur",Kabupaten Penajam Paser Utara,Kalimantan Timur
Jl. Negara Rt.009 Kec. Batu Sopang Kab. Tana Paser,Kabupaten Paser,Kalimantan Timur
"Jl. Borneo Paradiso No.5, Sepinggan, Kecamatan Balikpapan Selatan, Kota Balikpapan, Kalimantan Timur 76116, Indonesia",Kota Balikpapan,Kalimantan Timur
"Jl. Jenderal Sudirman No.86, Damai, Balikpapan Kota, Kota Balikpapan, Kalimantan Timur 76114, Indonesia",Kota Samarinda,Kalimantan Timur
"Jl. Soekarno Hatta Km 4,5  No. 09  Balikpapan, Kalimantan Timur",Kota Balikpapan,Kalimantan Timur
"Jl. Soekarno Hatta KM.4,5 No.9, Batu Ampar, Kec. Balikpapan Utara, Kota Balikpapan, Kalimantan Timur 76126, Indonesia",Kota Balikpapan,Kalimantan Timur
"Jl. Negara Simpang Pait, Long Ikis, Kabupaten Paser, Kalimantan Timur",Kabupaten Paser,Kalimantan Timur
"Jl. Negara No.RT.002, Babulu Darat, Babulu, Kabupaten Penajam Paser Utara, Kalimantan Timur 76285, Indonesia",Kabupaten Penajam Paser Utara,Kalimantan Timur
"Ruko Taman Citra Blok A3 No.2-3, Jl. Soekarno Hatta",Kota Balikpapan,Kalimantan Timur
"Jalan Soekarno Hatta KM 1/2 Ruko Taman, Jl. Citra No.C-59, Karang Rejo, Kec. Balikpapan Tengah, Kota Balikpapan, Kalimantan Timur 76124, Indonesia",Kota Balikpapan,Kalimantan Timur
"Ruko Taman Citra Blok A3 No.2-3, Jl. Soekarno Hatta Km. 05, Kel. Muara Rapak, Balikpapan",Kota Balikpapan,Kalimantan Timur
"No., Jl. Marsma R. Iswahyudi No.468, Sepinggan, Kecamatan Balikpapan Selatan, Kota Balikpapan, Kalimantan Timur 76116, Indonesia",Kota Balikpapan,Kalimantan Timur
"Jl. Mulawarman, Gn. Bahagia, Balikpapan, Kota Balikpapan, Kalimantan Timur 76115, Indonesia",Kota Balikpapan,Kalimantan Timur
Jl. Mulawarman Kel. Manggar Baru Kec. Balikpapan Timur,Kota Balikpapan,Kalimantan Timur
"Jl. Jenderal Gatot Subroto No.165, Rinding, Tlk. Bayur, Kabupaten Berau, Kalimantan Timur 77352, Indonesia",Kabupaten Berau,Kalimantan Timur
"Jl. Jenderal Gatot Subroto No.165, Rinding, Tlk. Bayur, Kabupaten Berau, Kalimantan Timur 77352, Indonesia",Kabupaten Berau,Kalimantan Timur
"Jl Pulau Derawan Rt 31 Tanjung Redeb, Kabupaten Berau, Kalimantan Timur",Kabupaten Berau,Kalimantan Timur
"Jl. Sengkawit, Tj. Selor Hilir, Tj. Selor, Kabupaten Bulungan, Kalimantan Utara 77216",Kota Balikpapan,Kalimantan Timur
"Jl. Gajah Mada No. 22, Tanah Grogot, Kabupaten Paser, Kalimantan Timur",Kabupaten Paser,Kalimantan Timur
"Jl. Gajahmada No.22 Tanah Grogot, Kabupaten Paser, Kalimantan Timur",Kabupaten Paser,Kalimantan Timur
"Jl. Gajah Mada No. 22, Tanah Grogot, Kota Balikpapan, Kalimantan Timur",Kota Balikpapan,Kalimantan Timur
"Jl. Gajah Mada No. 12 Tanah Grogot, Kabupaten Paser, Kalimantan Timur",Kabupaten Paser,Kalimantan Timur
"Komplek Ruko Balikpapan Baru Blok D 6 No.2, Kalimantan Timur",Kota Balikpapan,Kalimantan Timur
"Jl. Mt Haryono No. 72 Ï¿½ 74 Rt. 13, Damai Baru, Kalimantan Timur",Kota Balikpapan,Kalimantan Timur
"Jl. Mt Haryono, Komp. Balikpapan Baru, Kota Balikpapan, Kalimantan Timur",Kota Balikpapan,Kalimantan Timur
"Jl. Mt. Haryono  No.   Balikpapan, Kota Balikpapan, Kalimantan Timur",Kota Balikpapan,Kalimantan Timur
"Jl. Moh. T. Haryono, Komp. Balikpapan Baru No.6, Gn. Bahagia, Kecamatan Balikpapan Selatan, Kota Balikpapan, Kalimantan Timur 76114, Indonesia",Kota Balikpapan,Kalimantan Timur
"Jl. Jend. Ahmad Yani No.70, Langkai, Kec. Pahandut, Kota Palangka Raya, Kalimantan Tengah 73111, Indonesia",Kota Balikpapan,Kalimantan Timur
"Jalan RTA Milono KM 3,5, Langkai, Pahandut, Menteng, Palangka Raya, Kota Palangka Raya, Kalimantan Tengah 74874, Indonesia",Kota Samarinda,Kalimantan Timur
"Rantau Sentosa, Kec. Busang, Kabupaten Kutai Timur, Kalimantan Timur 75656",Kabupaten Kutai Timur,Kalimantan Timur
"Jl. Mulawarman Dalam No. 01, Balikpapan, Kalimantan Timur",Kota Balikpapan,Kalimantan Timur
"Sultan Aji Muhammad Sulaiman Airport, Sepinggan, Balikpapan Selatan, Sepinggan, Kecamatan Balikpapan Selatan, Kota Balikpapan, Kalimantan Timur 76",Kota Balikpapan,Kalimantan Timur
"Jl. Ir. H. Juanda No.220, Air Hitam, Kec. Samarinda Ulu, Kota Samarinda, Kalimantan Timur 75243, Indonesia",Kota Bontang,Kalimantan Timur
"Jl. Mulawarman No.109, Sepinggan, Kecamatan Balikpapan Selatan, Kota Balikpapan, Kalimantan Timur, Indonesia",Kota Balikpapan,Kalimantan Timur
"Jl. Jendral Sudirman No. 484, Balikpapan Timur, Gn. Bahagia, Kecamatan Balikpapan Selatan, Kota Balikpapan, Kalimantan Timur 76114, Indonesia",Kota Balikpapan,Kalimantan Timur
"Komp Perkantoran Swarga Bara Sanggata, Kota Samarinda, Kalimantan Timur",Kota Samarinda,Kalimantan Timur
"Jl. Pangeran Diponegoro No.27, Pelabuhan, Kec. Samarinda Kota, Kota Samarinda, Kalimantan Timur 75112, Indonesia",Kota Samarinda,Kalimantan Timur
"Jl. Soekarno Hatta KM.1 No.5, Muara Rapak, Kec. Balikpapan Utara, Kota Balikpapan, Kalimantan Timur 76125, Indonesia",Kota Balikpapan,Kalimantan Timur
Jl. Propinsi No.1 Kampung Kajang Anggana Kutai Kartanegara,Kota Samarinda,Kalimantan Timur
"Jl. Bontang - Samarinda, Perangat Sel., Kec. Marang Kayu, Kabupaten Kutai Kartanegara, Kalimantan Timur 75385, Indonesia",Kota Samarinda,Kalimantan Timur
"Jl. Jend. Sudirman No. 81 Rt 28 Balikpapan, Kalimantan Timur",Kabupaten Berau,Kalimantan Timur
"Telaga Sari, Kecamatan Balikpapan Selatan, Kota Balikpapan, Kalimantan Timur 76112, Indonesia",Kota Balikpapan,Kalimantan Timur
"Perusahaan Rea Kaltim Kecamatan Kembang Janggut, Kalimantan Timur",Kabupaten Kutai Kartanegara,Kalimantan Timur
"Jl. Mayor Jendral S. Parman, Sidodadi, Samarinda Ulu, Kota Samarinda, Kalimantan Timur 75123",Kota Samarinda,Kalimantan Timur
"Jl Yos Sudarso I, No. 79, Sangaatta, Kabupaten Kutai Timur",Kabupaten Kutai Timur,Kalimantan Timur
"Sumber Kalimantan Abadi, JL. Mulawarman, No. 99, Manggar, Kec. Balikpapan Tim., Kota Balikpapan, Kalimantan Timur, Indonesia",Kota Balikpapan,Kalimantan Timur
"Mal samarinda square, Gunung Kelua, Samarinda Ulu, Samarinda City, East Kalimantan 75243, Indonesia",Kota Samarinda,Kalimantan Timur
"Jl. Raya Kutai Komp. Pt. Badak, Bontang, Kalimantan Timur",Kota Bontang,Kalimantan Timur
"Maluang, Kec. Gn. Tabur, Kabupaten Berau, Kalimantan Timur 77352, Indonesia",Kabupaten Berau,Kalimantan Timur
"Jl. R. Suprapto No.10kel, Bontang Baru, Bontang Utara, Kota Bontang, Kalimantan Timur 75311, Indonesia",Kota Samarinda,Kalimantan Timur
"Kelekat, Kec. Kembang Janggut, Kabupaten Kutai Kartanegara, Kalimantan Timur 75557",Kabupaten Kutai Kartanegara,Kalimantan Timur
"Jl. Penegak No.RT.08 No.50, Damai, Balikpapan Kota, Kota Balikpapan, Kalimantan Timur 76114, Indonesia",Kota Balikpapan,Kalimantan Timur
"Jl Tanjung Pura Iii Telaga Sari, Balikpapan Kota, Kota Balikpapan, Kalimantan Timur 76112",Kota Balikpapan,Kalimantan Timur
"Jl. Pandan Arum No.78, Mekar Sari, Kec. Balikpapan Tengah, Kota Balikpapan, Kalimantan Timur 76123, Indonesia",Kota Balikpapan,Kalimantan Timur
"Jl. Mayjend Sutoyo No.27, Gunungsari Ulu, Kec. Balikpapan Tengah, Kota Balikpapan, Kalimantan Timur 76113, Indonesia",Kota Balikpapan,Kalimantan Timur
"Jl. Awang Long No.2, Bontang Baru, Bontang Utara, Kota Bontang, Kalimantan Timur 75325, Indonesia",Kota Bontang,Kalimantan Timur
"Jl. Soekarno Hatta.Km. 2 Rt. 8 No. 3 Loa Janan, Kalimantan Timur",Kota Samarinda,Kalimantan Timur
"Jl. Provinsi Rt 04 Makroman Samarinda, Kota Samarinda, Kalimantan Timur",Kota Samarinda,Kalimantan Timur
"Makroman, Kec. Sambutan, Kota Samarinda, Kalimantan Timur 75115",Kota Samarinda,Kalimantan Timur
"Long Temuyat, Kayan Hulu, Malinau Regency, North Kalimantan, Indonesia",Kota Samarinda,Kalimantan Timur
"Gg. Atletik VI No.15, Api-Api, Bontang Utara, Kota Bontang, Kalimantan Timur 75313, Indonesia",Kota Bontang,Kalimantan Timur
"Gg. 2, Simpang Pasir, Kec. Palaran, Kota Samarinda, Kalimantan Timur 75251, Indonesia",Kota Samarinda,Kalimantan Timur
"Jl. Soekarno Hatta No.63, Batu Ampar, Kec. Balikpapan Utara, Kota Balikpapan, Kalimantan Timur 76127, Indonesia",Kota Balikpapan,Kalimantan Timur
"Bontang Lestari, Bontang Sel., Kota Bontang, Kalimantan Timur, Indonesia",Kota Bontang,Kalimantan Timur
"Jl. Pupuk Raya, Bontang, Bontang Baru, Bontang Utara, Kota Bontang, Kalimantan Timur 75321",Kota Samarinda,Kalimantan Timur
"Jl. Pelita, Mugirejo, Sei/Sungai Pinang Dalam, Samarinda Utara, Samarinda 75117",Kota Samarinda,Kalimantan Timur
"Jl. MT Haryono No.7, RW.no 85, Damai, Kecamatan Balikpapan Selatan, Kota Balikpapan, Kalimantan Timur 76114, Indonesia",Kota Balikpapan,Kalimantan Timur
"Jl. Mt Haryono Komp. Balikpapan Baru, Kota Balikpapan, Kalimantan Timur",Kota Balikpapan,Kalimantan Timur
"Jl. ARS Moh. No.7, Klandasan Ulu, Balikpapan Kota, Kota Balikpapan, Kalimantan Timur 76112, Indonesia",Kota Balikpapan,Kalimantan Timur
"Jl. Pramuka No.3, Sempaja Sel., Kec. Samarinda Ulu, Kota Samarinda, Kalimantan Timur 75243, Indonesia",Kota Samarinda,Kalimantan Timur
"Jl. Kh Wahid Hasyim 2 Rt.31 Sempaja, Kota Samarinda, Kalimantan Timur",Kota Samarinda,Kalimantan Timur
"Jl. Gerbang Dayaku Rt.02, Loa Duri, Kota Samarinda, Kalimantan Timur",Kota Samarinda,Kalimantan Timur
"Jl. P. Suryanata No.4, Bukit Pinang, Kec. Samarinda Ulu, Kota Samarinda, Kalimantan Timur 75124, Indonesia",Kota Samarinda,Kalimantan Timur
"Jl. Donald Isaac Panjaitan RT 17 No.37, Gn. Lingai, Kec. Sungai Pinang, Kota Samarinda, Kalimantan Timur 75243, Indonesia",Kota Samarinda,Kalimantan Timur
"South Sangatta, East Kutai Regency, East Kalimantan, Indonesia",Kota Samarinda,Kalimantan Timur
"Jl. Lambung Mangkurat No.42, Pelita, Samarinda Utara, Kota Samarinda, Kalimantan Timur 75242, Indonesia",Kota Samarinda,Kalimantan Timur
"Jl. Jenderal Sudirman No.102, RT.11, Klandasan Ilir, Balikpapan Kota, Kota Balikpapan, Kalimantan Timur, Indonesia",Kota Balikpapan,Kalimantan Timur
"Kariangau, Kec. Balikpapan Bar., Kota Balikpapan, Kalimantan Timur 76134, Indonesia",Kota Balikpapan,Kalimantan Timur
"Jl. Soekarno Hatta Km 3,5 Balikpapan, Kota Balikpapan, Kalimantan Timur",Kota Balikpapan,Kalimantan Timur
Jl. Jend A. Yani Karang Anyar No.71 Spbu Coco 61.761.01,Kota Balikpapan,Kalimantan Timur
"Jl. Donald Isaac Panjaitan No.71, Mugirejo, Bontang Utara, Kota Bontang, Kalimantan Timur 75311, Indonesia",Kota Bontang,Kalimantan Timur
"Jl. Ap Mangkunegara, Tenggarong, Kabupaten Kutai Kartanegara, Kalimantan Timur",Kabupaten Kutai Kartanegara,Kalimantan Timur
"Jl. Kadrie Oening No.2, Air Hitam, Kec. Samarinda Ulu, Kota Samarinda, Kalimantan Timur 75243, Indonesia",Kota Samarinda,Kalimantan Timur
"Jl. Mulawarman No. 23, Samarinda, Kota Samarinda, Kalimantan Timur",Kota Samarinda,Kalimantan Timur
"Jl. Jend. Ahmad Yani No. 15 Balikpapan, Kota Balikpapan, Kalimantan Timur",Kota Balikpapan,Kalimantan Timur
"Samburakat, Kec. Gn. Tabur, Kabupaten Berau, Kalimantan Timur 77352, Indonesia",Kabupaten Berau,Kalimantan Timur
"Jl. Poros Muara Wahau Km.117, Tepian Baru Bengalon Ï¿½ Kutai Timur, Kalimantan Timur 75618",Kabupaten Kutai Timur,Kalimantan Timur
"Jl. Donald Isaac Panjaitan No.71, Mugirejo, Bontang Utara, Kota Bontang, Kalimantan Timur 75311, Indonesia",Kota Samarinda,Kalimantan Timur
Jl. Sejati Rt. 12 Kel Sei Kapih Eks Jl. Jembatan Mahkota,Kota Samarinda,Kalimantan Timur
"Jl. Patimura No. 268-269, Mangkupalas, Kota Samarinda, Kalimantan Timur",Kota Samarinda,Kalimantan Timur
"Jl. H.M Riffadin, Samarinda Seberang, Kota Samarinda, Kalimantan Timur",Kota Samarinda,Kalimantan Timur
"Jl. Prapatan No.8, RT.9, Telaga Sari, Balikpapan Kota, Kota Balikpapan, Kalimantan Timur 76111, Indonesia",Kota Balikpapan,Kalimantan Timur
"Jl. Sepinggan Pratama No.11, Sepinggan, Kecamatan Balikpapan Selatan, Kota Balikpapan, Kalimantan Timur 76115, Indonesia",Kota Balikpapan,Kalimantan Timur
"Jl. D.I Panjaitan Rt 79 No.30a, Karang Rejo, Kec. Balikpapan Tengah, Kota Balikpapan, Kalimantan Timur 76124, Indonesia",Kota Balikpapan,Kalimantan Timur
"Jl. Indrakila No.19, Gn. Samarinda, Kec. Balikpapan Utara, Kota Balikpapan, Kalimantan Timur 76124, Indonesia",Kota Balikpapan,Kalimantan Timur
"Jl. Marsma Iswahyudi No.60, Gn. Bahagia, Kecamatan Balikpapan Selatan, Kota Balikpapan, Kalimantan Timur 76115, Indonesia",Kota Balikpapan,Kalimantan Timur
"Jl. Yos Sudarso No.148, Mekar Sari, Kec. Balikpapan Tengah, Kota Balikpapan, Kalimantan Timur 76122, Indonesia",Kota Balikpapan,Kalimantan Timur
"Jl. Ahmad Yani No.205, Gunungsari Ilir, Kec. Balikpapan Tengah, Kota Balikpapan, Kalimantan Timur 76112, Indonesia",Kota Balikpapan,Kalimantan Timur
"Jl. Durian, Bukuan, Kec. Palaran, Kota Samarinda, Kalimantan Timur 75256, Indonesia",Kota Samarinda,Kalimantan Timur
"Jl. P. Suryanata No.38, Air Putih, Kec. Samarinda Ulu, Kota Samarinda, Kalimantan Timur 75124, Indonesia",Kota Samarinda,Kalimantan Timur
"Jl. Imam Bonjol No.16, Pelabuhan, Samarinda Kota, Kota Samarinda, Kalimantan Timur 75113",Kota Samarinda,Kalimantan Timur
"Jl. Mayjend Sutoyo 42/47 Balikpapan, Kota Balikpapan, Kalimantan Timur",Kota Balikpapan,Kalimantan Timur
"Kota Balikpapan, Kalimantan Timur, Kota Balikpapan, Kalimantan Timur",Kota Balikpapan,Kalimantan Timur
"Jl.Selamat Riyadi No.20 Samarinda, Kota Samarinda, Kalimantan Timur",Kota Samarinda,Kalimantan Timur
Jl. Negara Rt.009 Kec. Batu Sopang Kab. Tana Paser,Kota Balikpapan,Kalimantan Timur
"Jl. Batulicin - Pelaihari No.8, Pagar Ruyung, Kusan Hilir, Kabupaten Tanah Bumbu, Kalimantan Selatan 72273, Indonesia",Kabupaten Kutai Kartanegara,Kalimantan Timur
"Manunggal Jaya, Kec. Tenggarong Seberang, , Kalimantan Timur",Kabupaten Kutai Kartanegara,Kalimantan Timur
"Jl. Karya Baru I No.9B, Sempaja Sel., Kec. Samarinda Utara, Kota Samarinda, Kalimantan Timur 75131, Indonesia",Kota Samarinda,Kalimantan Timur
"Sidomulyo, Kec. Anggana, Kabupaten Kutai Kartanegara, Kalimantan Timur 75381, Indonesia",Kota Samarinda,Kalimantan Timur
"Area Parkir M16 Swarga Bara, Sangatta, Kabupaten Kutai Timur, Kalimantan Timur",Kabupaten Kutai Timur,Kalimantan Timur
"Jl. Fl. Tobing Rempanga Loa Kulu, Kabupaten Kutai Kartanegara, Kalimantan Timur",Kabupaten Kutai Kartanegara,Kalimantan Timur
"Jl. Jenderal Sudirman No.22, Damai, Balikpapan Kota, Kota Balikpapan, Kalimantan Timur 76114, Indonesia",Kota Balikpapan,Kalimantan Timur
"Spbu 64.761.12 Jl. Soekarno Hatta Km 4,5 Kelurahan Batu Ampar, Kecamatan Balikpapan Utara",Kota Balikpapan,Kalimantan Timur
"Jl. Soekarno Hatta No.15, Karang Joang, Kec. Balikpapan Utara, Kota Balikpapan, Kalimantan Timur 76127, Indonesia",Kota Bontang,Kalimantan Timur
"Jl. Yos Sudarso Iii Sangatta, Kab. Kutai Timur, Kalimantan Timur",Kabupaten Kutai Timur,Kalimantan Timur
"Jl. Letjen S. Parman No.27, Belimbing, Bontang Bar., Kota Bontang, Kalimantan Timur 75321, Indonesia",Kota Bontang,Kalimantan Timur
"JL. P. Diponegoro No.35, Langkai, Kec. Pahandut, Kota Palangka Raya, Kalimantan Tengah 74874, Indonesia",Kota Balikpapan,Kalimantan Timur
"Ruko Wika Komplek Balikpapan Baru Blok T No.15 , Kalimantan Timur",Kota Balikpapan,Kalimantan Timur
"Jl. MT Haryono No.656, Gn. Bahagia, Kecamatan Balikpapan Selatan, Kota Balikpapan, Kalimantan Timur 76114, Indonesia",Kota Balikpapan,Kalimantan Timur
"Jl. Tepian Batang, Tanah Grogot, Kabupaten Paser, Kalimantan Timur 76251",Kabupaten Paser,Kalimantan Timur
"Jl. Sungai Raya Dalam No.19, Bangka Belitung Darat, Kec. Pontianak Tenggara, Kota Pontianak, Kalimantan Barat, Indonesia",Kota Samarinda,Kalimantan Timur
"Jl. Pelita No. 11 Rt 36, Samarinda, Kota Samarinda, Kalimantan Timur",Kota Samarinda,Kalimantan Timur
"Pom Bensin Belitung, Jl. Belitung Darat No.2, Kuin Sel., Kec. Banjarmasin Bar., Kota Banjarmasin, Kalimantan Selatan 70124, Indonesia",Kabupaten Berau,Kalimantan Timur
"Jl. Jend. Sudirman 10 Tanjung Laut, Bontang Selatan",Kota Bontang,Kalimantan Timur
"Jl. Apt Pranoto, Sei Kledang, Samarinda Seberang, Kalimantan Timur",Kota Samarinda,Kalimantan Timur
"Jl. Cipto Mangun Kusumo No.81, RW.29, Sungai Keledang, Kec. Samarinda Seberang, Kota Samarinda, Kalimantan Timur 75136, Indonesia",Kota Samarinda,Kalimantan Timur
"Jl. P. Suryanata No.76, Air Putih, Kec. Samarinda Ulu, Kota Samarinda, Kalimantan Timur 75243, Indonesia",Kota Balikpapan,Kalimantan Timur
"Jl. Di Panjaitan  Ruko Pasar Segiri Samarinda, Kalimantan Timur",Kota Samarinda,Kalimantan Timur
"Jalan Kapten Piere Tendean, 76112, Kota Balikpapan, Kalimantan Timur",Kota Balikpapan,Kalimantan Timur
"Jl. Soekarno Hatta No.184, Batu Ampar, Kec. Balikpapan Utara, Kota Balikpapan, Kalimantan Timur 76136, Indonesia",Kota Balikpapan,Kalimantan Timur
"Jl. Pandan Arum No.78, Mekar Sari, Kec. Balikpapan Tengah, Kota Balikpapan, Kalimantan Timur 76123, Indonesia",Kota Balikpapan,Kalimantan Timur
"Jl. HM Ardans No.7, Satimpo, Bontang Sel., Kota Bontang, Kalimantan Timur 75325, Indonesia",Kota Bontang,Kalimantan Timur
"Jl. RE Martadinata No.5, RW.01, Tlk. Lerong Ilir, Kec. Samarinda Ulu, Kota Samarinda, Kalimantan Timur 75128, Indonesia",Kota Samarinda,Kalimantan Timur
"Jl. Sultan Hasanuddin No.16, Baqa, Kec. Samarinda Seberang, Kota Samarinda, Kalimantan Timur 75132, Indonesia",Kota Samarinda,Kalimantan Timur
Jl. Bung Tomo No. I Kel. Sei Keledan Kec. Samarinda Seberang,Kota Samarinda,Kalimantan Timur
"Jl. Otto Iskandar Dinata, Samarinda, Kota Samarinda, Kalimantan Timur",Kota Samarinda,Kalimantan Timur
"Jl. Wahid Hasyim 2 No.28, Sempaja Sel., Kec. Samarinda Utara, Kota Samarinda, Kalimantan Timur 75243, Indonesia",Kota Samarinda,Kalimantan Timur
"Jl. Graha Indah No.73, Air Putih, Kec. Samarinda Ulu, Kota Samarinda, Kalimantan Timur 75243, Indonesia",Kota Samarinda,Kalimantan Timur
"Jl. Gotong Royong No.87, RT.29, Handil Bakti, Kec. Palaran, Kota Samarinda, Kalimantan Timur 75424, Indonesia",Kota Samarinda,Kalimantan Timur
"Jl.Jend Ahmad Yani Rt.4, Kelurahan Kuaro, Kecamatan Kuaro, Kabupapen Paser 76281, Kota Tanah Grogot, Kalimantan  Timur",Kabupaten Paser,Kalimantan Timur
"Jl. Ruhui Rahayu Ii No.42 Balikpapan, Kota Balikpapan, Kalimantan Timur",Kota Balikpapan,Kalimantan Timur
"Jl. Robert Wolter Mongisidi No.8200, Timbau, Kec. Tenggarong, Kabupaten Kutai Kartanegara, Kalimantan Timur 75513, Indonesia",Kabupaten Kutai Kartanegara,Kalimantan Timur
"Jl. Angkasa No. 1, Airport Road, Komp. Pt Badak, Kalimantan Timur",Kota Bontang,Kalimantan Timur
"Jl. Kutai Raya, Satimpo, Bontang Sel., Kota Bontang, Kalimantan Timur 75325, Indonesia",Kota Bontang,Kalimantan Timur
"Jl. MT Haryono No.103, Damai, Balikpapan Kota, Kota Balikpapan, Kalimantan Timur 76114, Indonesia",Kota Balikpapan,Kalimantan Timur
"Jl. Soekarno Hatta No.Km 2, Muara Rapak, Kec. Balikpapan Utara, Kota Balikpapan, Kalimantan Timur",Kota Balikpapan,Kalimantan Timur
"Guntung, Bontang Utara, Kota Bontang, Kalimantan Timur 75321, Indonesia",Kota Bontang,Kalimantan Timur
"Kantor Polres Tenggarong, Jl. Wolter Mongisidi, Kalimantan Timur",Kabupaten Kutai Kartanegara,Kalimantan Timur
"Balikpapan, Gunungsari Ulu, Kec. Balikpapan Tengah",Kota Balikpapan,Kalimantan Timur
"Jl. MT Haryono No.2a, Damai, Balikpapan Kota, Kota Balikpapan, Kalimantan Timur 76114, Indonesia",Kota Balikpapan,Kalimantan Timur
"Jl. Jakarta No.20, Loa Bakung, Kec. Sungai Kunjang, Kota Samarinda, Kalimantan Timur 75126, Indonesia",Kota Samarinda,Kalimantan Timur
"Jl. Cipto Mangun Kusumo, Harapan Baru, Kec. Loa Janan Ilir, Kota Samarinda, Kalimantan Timur 75242, Indonesia",Kota Samarinda,Kalimantan Timur
"Jl. Biawan No.17, Sidomulyo, Kec. Samarinda Ilir, Kota Samarinda, Kalimantan Timur 75242, Indonesia",Kota Samarinda,Kalimantan Timur
"Jl. Hm. Rifadin No. 2, Loa Janan, Kota Samarinda, Kalimantan Timur",Kota Samarinda,Kalimantan Timur
"South Sangatta, East Kutai Regency, East Kalimantan, Indonesia",Kabupaten Kutai Timur,Kalimantan Timur
"Jl. Mayor Jendral S. Parman No.4, Sidodadi, Kec. Samarinda Ulu, Kota Samarinda, Kalimantan Timur 75243, Indonesia",Kota Samarinda,Kalimantan Timur
"Jl. Ampera No.56, Handil Bakti, Kec. Palaran, Kota Samarinda, Kalimantan Timur 75243, Indonesia",Kota Samarinda,Kalimantan Timur
"Jl. Jend. Sudirman No.184, Karang Anyar, Tarakan Bar., Kota Tarakan, Kalimantan Utara, Indonesia",Kota Samarinda,Kalimantan Timur
"Jl. Tengkawang, Kel. Karang Paci, Kota Samarinda, Kalimantan Timur",Kota Samarinda,Kalimantan Timur
"Jl. Ampera No.RT.03, Rw. Makmur, Kec. Palaran, Kota Samarinda, Kalimantan Timur 75243, Indonesia",Kota Samarinda,Kalimantan Timur
Jl.Komp Perumahan Bukit Damai Sentosa-2 Blok H No.5 Balikpapan Cfm,Kota Balikpapan,Kalimantan Timur
"Jl. Bung Tomo, Samarinda Seberang, Kota Samarinda, Kalimantan Timur",Kota Samarinda,Kalimantan Timur
"Gedung Telkom, Jl. Mt. Haryono No. 169 - Ring Road, Damai",Kota Balikpapan,Kalimantan Timur
"Jl. Pupuk Raya No.63, Gn. Bahagia, Kecamatan Balikpapan Selatan, Kota Balikpapan, Kalimantan Timur 76114, Indonesia",Kota Balikpapan,Kalimantan Timur
"Long Wehea, Kec. Muara Wahau, Kabupaten Kutai Timur, Kalimantan Timur 75655, Indonesia",Kota Bontang,Kalimantan Timur
"Jl. Cipto Mangunkusumo No.57, Belimbing, Bontang Bar., Kota Bontang, Kalimantan Timur 75325, Indonesia",Kota Bontang,Kalimantan Timur
"Jl. Imam Bonjol No.2, Tj. Laut, Bontang Utara, Kota Bontang, Kalimantan Timur 75325, Indonesia",Kota Bontang,Kalimantan Timur
"Jl. Yos Sudarso 2, Sangatta Utara, Kabupaten Kutai Timur, Kalimantan Timur 75683, Indonesia",Kabupaten Kutai Timur,Kalimantan Timur
"Jl. Diponegoro No. 48  Rt. 26 Rw. 8 Sebengkok, Kalimantan Timur",Kota Samarinda,Kalimantan Timur
"Klandasan Ilir, Balikpapan Kota, Kota Balikpapan, Kalimantan Timur 76113, Indonesia",Kabupaten Kutai Kartanegara,Kalimantan Timur
"Jl. Jend. Sudirman Pertk. Permai, Kota Balikpapan, Kalimantan Timur",Kota Balikpapan,Kalimantan Timur
"Jl. Sepinggan Baru 50-10, Sepinggan, Kota Balikpapan, Kalimantan Timur",Kota Balikpapan,Kalimantan Timur
"Jl. Ahmad Yani No.15, RT.11, Gunungsari Ulu, Kec. Balikpapan Tengah, Kota Balikpapan, Kalimantan Timur 76113, Indonesia",Kabupaten Kutai Kartanegara,Kalimantan Timur
"Bandar Udara Internasional Sepinggan Balikpapan (BPN), Jalan Marsma. R. Iswahyudi, Sepinggan, Kecamatan Balikpapan Selatan, Kota Balikpapan, Kalima",Kota Balikpapan,Kalimantan Timur
"Jl. Kadrie Oening, Air Hitam, Samarinda Ulu, Kota Samarinda, Kalimantan Timur 75243",Kabupaten Kutai Barat,Kalimantan Timur
"Manggar, East Balikpapan, Balikpapan City, East Kalimantan, Indonesia",Kota Balikpapan,Kalimantan Timur
"Jl. Jend. Suprapto No. 1 Tenggarong, Kabupaten Kutai Kartanegara, Kalimantan Timur",Kabupaten Kutai Kartanegara,Kalimantan Timur
"Jl. Jendral Sudirman Sanga-Sanga, Kabupaten Kutai Kartanegara, Kalimantan Timur",Kabupaten Kutai Kartanegara,Kalimantan Timur
"Jl. Yos Sudarso IV No.25, Tlk. Lingga, Sangatta Utara, Kabupaten Kutai Timur, Kalimantan Timur 75683, Indonesia",Kabupaten Kutai Timur,Kalimantan Timur
Jl. Yos Sudarso Iv Eks. Jl. Gunung Tehnik (Poros Sangatta-Bontang),Kota Samarinda,Kalimantan Timur
"Lempake, Samarinda Utara, Samarinda City, East Kalimantan 75111, Indonesia",Kota Samarinda,Kalimantan Timur
"Sajau, East Tanjung Palas, Bulungan Regency, North Kalimantan 77215",Kota Samarinda,Kalimantan Timur
"Jl. Soekarno Hatta No.15, Karang Joang, Kec. Balikpapan Utara, Kota Balikpapan, Kalimantan Timur 76127, Indonesia",Kota Balikpapan,Kalimantan Timur
"Jl. Pm Noor No. 1, Gunung Lingai, Samarinda, Kalimantan Timur",Kota Samarinda,Kalimantan Timur
"Jl. Sultan Sulaiman No.11, Sambutan, Kec. Sambutan, Kota Samarinda, Kalimantan Timur 75251, Indonesia",Kota Samarinda,Kalimantan Timur
"Jl. Ir. H. Juanda No.3, Air Hitam, Kec. Samarinda Ulu, Kota Samarinda, Kalimantan Timur 75124, Indonesia",Kota Samarinda,Kalimantan Timur
"Jl. KH. Harun Nafsi, Rapak Dalam, Kec. Loa Janan Ilir, Kota Samarinda, Kalimantan Timur 75132, Indonesia",Kota Samarinda,Kalimantan Timur
"Jl. Mulawarman No.10, Manggar, Kec. Balikpapan Tim., Kota Balikpapan, Kalimantan Timur 76117, Indonesia",Kota Balikpapan,Kalimantan Timur
"Jl. Dr. Cipto Mangunkusumo, Loa Janan, Sengkotek, Kec. Loa Janan Ilir, Kota Samarinda, Kalimantan Timur 75243",Kota Samarinda,Kalimantan Timur
"Jl. Jenderal Sudirman No.1, Prapatan, Kota Balikpapan, Kalimantan Timur",Kota Balikpapan,Kalimantan Timur
"Jalan Pupuk Raya, Kavling 3, Rt 50, Lok Tuan, Bontang Utara",Kota Bontang,Kalimantan Timur
"Jl. Mt. Haryono No. 384 Balikpapan, Kota Balikpapan, Kalimantan Timur",Kota Balikpapan,Kalimantan Timur
"Jl. Kh. Wahid Hasyim - Gn. Kelua, Kota Samarinda, Kalimantan Timur",Kota Samarinda,Kalimantan Timur
"Jl. Kutai Raya Kompleks Pt Badak Ngl-Bontang, Kalimantan Timur",Kota Bontang,Kalimantan Timur
"Jl. Aw. Syahranie No.51, Sempaja, Kota Samarinda, Kalimantan Timur",Kota Samarinda,Kalimantan Timur
"Jl. Balikpapan - Loa Janan, Tani Bakti, Loa Janan, Kabupaten Kutai Kartanegara, Kalimantan Timur 75251",Kota Samarinda,Kalimantan Timur
"Jl. Mangga II No.3, Tj. Redeb, Kabupaten Berau, Kalimantan Timur 77315, Indonesia",Kota Balikpapan,Kalimantan Timur
"Jl. Pln Raya, RT.005/RW.005, Klp. Indah, Kec. Tangerang, Kota Tangerang, Banten 15117",Kabupaten Kutai Kartanegara,Kalimantan Timur
"Jl Poros Samarinda-Anggana Rt 19, Sungai Meriam, Kec Anggana, Kab, Kutai Kartanegara",Kota Samarinda,Kalimantan Timur
"Jl. Juanda Bukit Indah, Bontang, Kota Bontang, Kalimantan Timur",Kota Bontang,Kalimantan Timur
"Jl. Patimura, Mesjid, Samarinda, Kota Samarinda, Kalimantan Timur 75133",Kota Samarinda,Kalimantan Timur
"Jl. Serindit I No.21, RT.5, Gn. Bahagia, Kecamatan Balikpapan Selatan, Kota Balikpapan, Kalimantan Timur 76114, Indonesia",Kota Balikpapan,Kalimantan Timur
"Jl. Teuku Umar, Karang Paci, Samarinda, Kota Samarinda, Kalimantan Timur",Kota Samarinda,Kalimantan Timur
"Tepian Langsat, Kec. Bengalon, Kabupaten Kutai Timur, Kalimantan Timur 75618, Indonesia",Kabupaten Kutai Timur,Kalimantan Timur
"Jl. Mt Haryono Komp. Balikpapan Baru, Kota Balikpapan, Kalimantan Timur",Kota Balikpapan,Kalimantan Timur
"Jalan Muhamad Yamin No. 83, Gunung Kelua, Samarinda Ulu, Gn. Kelua, Samarinda, Kota Samarinda, Kalimantan Timur 75123",Kota Samarinda,Kalimantan Timur
"Perusahaan Rea Kaltim Kecamatan Kembang Janggut, Kalimantan Timur",Kabupaten Kutai Kartanegara,Kalimantan Timur
"Jl. Soekarno Hatta No.1, Muara Rapak, Balikpapan Utara, Kota Balikpapan, Kalimantan Timur 76124",Kota Balikpapan,Kalimantan Timur
"Jl. Pangsuma No.39, Ilir Kota, Kec. Kapuas, Kabupaten Sanggau, Kalimantan Barat 78516, Indonesia",Kota Balikpapan,Kalimantan Timur
"Jl. Marsma Iswahyudi No.21, Sepinggan, Kecamatan Balikpapan Selatan, Kota Balikpapan, Kalimantan Timur 76115, Indonesia",Kota Balikpapan,Kalimantan Timur
"Jl. Marsma R. Iswahyudi, Bandar Udara Internasional Sepinggan",Kota Balikpapan,Kalimantan Timur
"Jl. Pemuda No. 27-31, Embong Kaliasin, Genteng, Kalimantan Timur",Kabupaten Kutai Timur,Kalimantan Timur
"Jl. Jend. Sudirman Pertk. Permai, Kota Balikpapan, Kalimantan Timur",Kota Balikpapan,Kalimantan Timur
"Jl. Rajawali, Bukit Tunggal, Kec. Jekan Raya, Kota Palangka Raya, Kalimantan Tengah 74874, Indonesia",Kota Samarinda,Kalimantan Timur
"Jl. Ahmad Yani No.14, Karang Rejo, Kec. Balikpapan Tengah, Kota Balikpapan, Kalimantan Timur 76113, Indonesia",Kota Balikpapan,Kalimantan Timur
"Ruko Baru, Jl. MT Haryono, Gunung Bahagia, Balikpapan Selatan, Balikpapan City, East Kalimantan 76114, Indonesia",Kota Balikpapan,Kalimantan Timur
"Jl. Propinsi No.5, Penajam, Kabupaten Penajam Paser Utara, Kalimantan Timur 76142, Indonesia",Kota Balikpapan,Kalimantan Timur
"Jl Poros Bontang-Samarinda, Sungai Siring, Kalimantan Timur",Kota Samarinda,Kalimantan Timur
"Jl. Jend. Sudirman No.1 Plaza Balikpapan, Kalimantan Timur",Kota Balikpapan,Kalimantan Timur
"Long Tuyoq, Long Pahangai, Mahakam Ulu, Kalimantan Timur 75768, Indonesia",Kota Bontang,Kalimantan Timur
"Jl. Jend. Sudirman - Balikpapan, Kota Balikpapan, Kalimantan Timur",Kota Balikpapan,Kalimantan Timur
"Jl. Sultan Hasanudin No.14, Berbas Tengah, Bontang Sel., Kota Bontang, Kalimantan Timur 75325, Indonesia",Kota Bontang,Kalimantan Timur
"Jl. Mangkupalas No.42, Mesjid, Kec. Samarinda Seberang, Kota Samarinda, Kalimantan Timur 75251, Indonesia",Kota Samarinda,Kalimantan Timur
"Jl. Gurami No.26, Sungai Dama, Kec. Samarinda Ilir",Kota Samarinda,Kalimantan Timur
"Jl. Gajah Mada, Jawa, Kec. Samarinda Ulu, Kota Samarinda, Kalimantan Timur 75242, Indonesia",Kota Samarinda,Kalimantan Timur
"Balikpapan City, East Kalimantan, Kota Balikpapan, Kalimantan Timur",Kota Balikpapan,Kalimantan Timur
"Jl. Tj. Pura No.110, Klandasan Ulu, Balikpapan Kota, Kota Balikpapan, Kalimantan Timur 76111, Indonesia",Kota Balikpapan,Kalimantan Timur
"Jl. Jend. Sudirman No. 642 Kelurahan Damai, Kec. Balikpapan Selatan",Kota Balikpapan,Kalimantan Timur
"Jl. Basuki Rahmat No.5, Bugis, Kec. Samarinda Kota, Kota Samarinda, Kalimantan Timur 75242, Indonesia",Kota Samarinda,Kalimantan Timur
"Seliki, Muara Badak, Kabupaten Kutai Kartanegara, Kalimantan Timur 75382, Indonesia",Kabupaten Kutai Kartanegara,Kalimantan Timur
"Jl. James Simanjuntak No.1, Guntung, Bontang Utara, Kota Bontang, Kalimantan Timur 75314, Indonesia",Kabupaten Berau,Kalimantan Timur
"Jl. Mayor Jendral S. Parman No.4, Sidodadi, Kec. Samarinda Ulu, Kota Samarinda, Kalimantan Timur 75243, Indonesia",Kota Samarinda,Kalimantan Timur
"Jl.Cendrawasih No 1, Muara Badak, Kutai Kartanegara",Kota Samarinda,Kalimantan Timur
"Jl Dr.Cipto Mangunkusumo, Desa Sengkotek, Loa Janan",Kota Samarinda,Kalimantan Timur
"Guntung, Bontang Utara, Kota Bontang, Kalimantan Timur 75321, Indonesia",Kota Bontang,Kalimantan Timur
"Manggar, Kec. Balikpapan Tim., Kota Balikpapan, Kalimantan Timur 76116, Indonesia",Kota Balikpapan,Kalimantan Timur
"Jl.Jend. Ahmad Yani  Balikpapan, Kota Balikpapan, Kalimantan Timur",Kota Balikpapan,Kalimantan Timur