"Jl. Dr. Samratulangi No.19, Pakadoodan, Maesa, Kota Bitung, Sulawesi Utara, Indonesia",Kota Palu,Sulawesi Tengah
"Jl. Dr. Sam Ratulangi No. 60, Kota Palu, Sulawesi Tengah",Kota Palu,Sulawesi Tengah
"Jl. Dr. Sam Ratulangi No. 60, Kota Palu, Sulawesi Tengah",Kota Palu,Sulawesi Tengah
"Jl. Dr. Sam Ratulangi No. 60, Kota Palu, Sulawesi Tengah",Kota Palu,Sulawesi Tengah
"Jl. Dr. Sam Ratulangi No. 60, Kota Palu, Sulawesi Tengah",Kota Palu,Sulawesi Tengah
"Jl. Dr. Sam Ratulangi No. 60, Besusu Bar., Kec. Palu Tim., Kota Palu, Sulawesi Tengah 94111",Kota Palu,Sulawesi Tengah
"Jl. Basuki Rahmat, No. 30 / Petak 3, Kota Palu, Sulawesi Tengah",Kota Palu,Sulawesi Tengah
"Jl. Basuki Rahmat, No. 30 / Petak 3, Kota Palu, Sulawesi Tengah",Kota Palu,Sulawesi Tengah
"Jl. Basuki Rahmat, No. 30 / Petak 3, Kota Palu, Sulawesi Tengah",Kota Palu,Sulawesi Tengah
"Jl. Trans Sulawesi, Fatufia, Kec. Bahodopi, Kabupaten Morowali, Sulawesi Tengah 94974, In",Kabupaten Morowali,Sulawesi Tengah
"Desa Keure, Kec. Bahodopi, Kab. Morowali , Sulawesi Tengah",Kota Palu,Sulawesi Tengah
"Jl. Trans Sulawesi, Fatufia, Kec. Bahodopi, Kabupaten Morowali, Sulawesi Tengah 94974, In",Kota Palu,Sulawesi Tengah
"Jl. Trans Sulawesi, Desa Fatufia, Kec. Bahodopi, Sulawesi Tengah",Kabupaten Morowali,Sulawesi Tengah
"Jl. Trans Sulawesi, Fatufia, Kec. Bahodopi, Kabupaten Morowali, Sulawesi Tengah 94974, In",Kabupaten Morowali,Sulawesi Tengah
"Jl. Imam Bonjol No.88, Baru, Kec. Palu Bar., Kota Palu, Sulawesi Tengah",Kota Palu,Sulawesi Tengah
"Jl. Imam Bonjol No.88, Siranindi, Kec. Palu Bar., Kota Palu, Sulawesi Tengah",Kota Palu,Sulawesi Tengah
"Jl. Imam Bonjol No.88, Baru, Kec. Palu Bar., Kota Palu, Sulawesi Tengah",Kota Palu,Sulawesi Tengah
"Jl. Imam Bonjol No.88, Baru, Kec. Palu Bar., Kota Palu, Sulawesi Tengah",Kota Palu,Sulawesi Tengah
"Jl. Imam Bonjol No.88, Baru, Kec. Palu Bar., Kota Palu, Sulawesi Tengah",Kota Palu,Sulawesi Tengah
"Jl. Sultan Hasanuddin No.35, Lolu Utara, Kec. Palu Sel., Kota Palu, Sulawesi Tengah",Kota Palu,Sulawesi Tengah
"Jl. Sultan Hasanuddin No.35, Lolu Utara, Kec. Palu Sel., Kota Palu, Sulawesi Tengah",Kota Palu,Sulawesi Tengah
"Jl. Sultan Hasanuddin No.35, Lolu Utara, Kec. Palu Sel., Kota Palu, Sulawesi Tengah",Kota Palu,Sulawesi Tengah
"Jl. Sultan Hasanuddin No.35, Lolu Utara, Kec. Palu Sel., Kota Palu, Sulawesi Tengah",Kota Palu,Sulawesi Tengah
"Jl. Pettalolo No.78, Tj. Batu, Banawa, Kabupaten Donggala",Kabupaten Donggala,Sulawesi Tengah
"Luwuk, Banggai Regency, Central Sulawesi 94711, Indonesia",Kabupaten Banggai,Sulawesi Tengah
"Jl. Buol - Gorontalo, Buol, Biau, Kabupaten Buol, Sulawesi Tengah",Kabupaten Buol,Sulawesi Tengah
"Jl. Buol - Gorontalo, Buol, Biau, Kabupaten Buol, Sulawesi Tengah",Kabupaten Buol,Sulawesi Tengah
"Jl. Trans Sulawesi, Matansala, Bungku Tengah, Sulawesi Tengah",Kabupaten Morowali,Sulawesi Tengah
"Jl. Trans Sulawesi, Matansala, Bungku Tengah, Sulawesi Tengah",Kabupaten Morowali,Sulawesi Tengah
"Jl. Hi. Agussalim, Kasintuwu, Poso Kota, Kabupaten Poso",Kabupaten Poso,Sulawesi Tengah
"Jl. Pangeran Diponegoro No.31, Lombugia, Poso Kota Utara, Kabupaten Poso, Sulawesi Te",Kabupaten Poso,Sulawesi Tengah
"Jl. Hi. Agussalim, Kasintuwu, Poso Kota, Kabupaten Poso, Sulawesi Tengah",Kabupaten Poso,Sulawesi Tengah
"JL. PANGERAN DIPONEGORO NO.13, BONESOMPE, SULAWESI TENGAH",Kabupaten Poso,Sulawesi Tengah
"Jln.tg.panginpuan (masomba, Tatura Utara, Kec. Palu Sel., Kota Palu, Sulawesi Tengah 941",Kota Palu,Sulawesi Tengah
"Jl. Wr. Supratman, Baru, Baolan, Kabupaten Toli-Toli, Sulawesi Tengah",Kabupaten Toli-Toli,Sulawesi Tengah
"Jl. Wr. Supratman, Baru, Baolan, Kabupaten Toli-Toli",Kabupaten Toli-Toli,Sulawesi Tengah
"Jl. Wr. Supratman, Baru, Baolan, Kabupaten Toli-Toli, Sulawesi Tengah",Kabupaten Toli-Toli,Sulawesi Tengah
"Jl. Trans Sulawesi No. 117, Masigi, Parigi, Maesa, Parigi, Kabupaten Parigi Moutong, Sulaw",Kabupaten Parigi Moutong,Sulawesi Tengah
"Jl. Trans Sulawesi, Taipa, Tawaeli, Kota Palu, Sulawesi Tengah",Kota Palu,Sulawesi Tengah
"Jl. Trans Sulawesi, Desa Fatufia, Kec. Bahodopi, Sulawesi Tengah",Kabupaten Morowali,Sulawesi Tengah
"Boyaoge, Kecamatan Tatanga, Palu City, Central Sulawesi 94111, Indonesia",Kota Palu,Sulawesi Tengah
"Jl. Soekarno Hatta, Tondo, Mantikulore, Kota Palu, Sulawesi Tengah",Kota Palu,Sulawesi Tengah
"Jl. Balaikota Timur, Tanamodindi, Kec. Mantikulore",Kota Palu,Sulawesi Tengah
"Jl. Tanjung Manimbaya No.195, Tatura Utara, Kec. Palu Sel., Kota Palu, Sulawesi Tengah 94",Kota Palu,Sulawesi Tengah
"Jl. Dewi Sartika, Birobuli Sel., Kec. Palu Sel., Kota Palu, Sulawesi Tengah 94235, Indonesia",Kota Palu,Sulawesi Tengah
"Ampana Kota, Kabupaten Tojo Una-Una, Sulawesi Tengah 94683, Indonesia",Kabupaten Tojo Una-Una,Sulawesi Tengah
"Ampana Kota, Kabupaten Tojo Una-Una, Sulawesi Tengah 94683, Indonesia",Kabupaten Tojo Una-Una,Sulawesi Tengah
"Jl. Trans Sulawesi, Fatufia, Kec. Bahodopi, Kabupaten Morowali, Sulawesi Tengah 94974, In",Kabupaten Morowali,Sulawesi Tengah
"Jl. Trans Sulawesi, Fatufia, Kec. Bahodopi, Kabupaten Morowali, Sulawesi Tengah 94974, In",Kabupaten Morowali,Sulawesi Tengah
"Jl. Trans Sulawesi, Fatufia, Kec. Bahodopi, Kabupaten Morowali, Sulawesi Tengah 94974, In",Kabupaten Morowali,Sulawesi Tengah
"Jl. Trans Sulawesi, Fatufia, Kec. Bahodopi, Kabupaten Morowali, Sulawesi Tengah 94974, In",Kabupaten Morowali,Sulawesi Tengah
"Pantoloan, North Palu, Palu City, Central Sulawesi 94352",Kota Palu,Sulawesi Tengah
"Jl. Yos Sudarso No.33, Talise, Mantikulore, Kota Palu, Sulawesi Tengah 94118, Indonesia",Kota Palu,Sulawesi Tengah
"Uso, Batui, Kabupaten Banggai, Sulawesi Tengah 94761, Indonesia",Kabupaten Banggai,Sulawesi Tengah
"Tj. Batu, Banawa, Kabupaten Donggala, Sulawesi Tengah",Kabupaten Donggala,Sulawesi Tengah
"Jl. Trans Sulawesi Tolai - Parigi, Kabupaten Parigi Moutong, Sulawesi Tengah",Kabupaten Parigi Moutong,Sulawesi Tengah
"Jl. Hi.Moh.Saleh, Sandana, Galang, Kabupaten Toli-Toli, Sulawesi Tengah",Kabupaten Toli-Toli,Sulawesi Tengah
"Jl. Trans Sulawesi, Desa Fatufia, Kec. Bahodopi, Sulawesi Tengah",Kabupaten Morowali,Sulawesi Tengah
"Jl. R.A. Kartini, Lolu Sel., Kec. Palu Sel., Kota Palu, Sulawesi Tengah 94111",Kota Palu,Sulawesi Tengah
"Ampana Kota, Kabupaten Tojo Una-Una, Sulawesi Tengah 94683, Indonesia",Kabupaten Tojo Una-Una,Sulawesi Tengah
"Jl. Towua No.11, Tatura Sel., Kec. Palu Sel., Kota Palu, Sulawesi Tengah 94111, Indonesia",Kota Palu,Sulawesi Tengah
"Jl. Dr. Moh. Hatta No.72, Kompo, Luwuk Sel., Kabupaten Banggai, Sulawesi Tengah 94713,",Kabupaten Banggai,Sulawesi Tengah
"North Ampibabo, Ampibabo, Parigi Moutong Regency, Central Sulawesi 94474, Indonesia",Kabupaten Parigi Moutong,Sulawesi Tengah
"Tondo, Mantikulore, Palu City, Central Sulawesi 94148, Indonesia",Kota Palu,Sulawesi Tengah
"Mutiara SIS Al Jufri Airport, Jl. DR. Abdurrahman Saleh, Birobuli Utara, Kec. Palu Sel., Kota",Kota Palu,Sulawesi Tengah
"Desa Bubung, Kecamatan Luwuk, Kabupaten Banggai, Sulawesi Tengah",Kabupaten Banggai,Sulawesi Tengah
"Pantoloan, Tawaeli, Kota Palu, Sulawesi Tengah, Sulawesi Tengah",Kota Palu,Sulawesi Tengah
"Jl. Poros Palu Bangga, Palupi, Kec. Palu Sel., Kota Palu, Sulawesi Tengah 94222, Indonesia",Kota Palu,Sulawesi Tengah
"Jl. Rusa, Talise, Kec. Palu Tim., Kota Palu, Sulawesi Tengah 94118, Indonesia",Kota Palu,Sulawesi Tengah
"Jl. Setia Budi, Sangele, Pamona Pusalemba, Kabupaten Poso, Sulawesi Tengah 94663, Indo",Kabupaten Poso,Sulawesi Tengah
"Tawanjuka, Kec. Palu Sel., Kota Palu, Sulawesi Tengah",Kota Palu,Sulawesi Tengah
"Jalan Sisingamangaraja No. 9A Besusu Timur Palu Timur, Talise, Mantikulore, Kota Palu, Su",Kota Palu,Sulawesi Tengah
"Jl. Jenderal Sudirman, Batu Merah, Sirimau, Kota Ambon, Maluku, Indonesia",Kota Palu,Sulawesi Tengah
"Jl. Malonda, Watusampu, Kec. Palu Bar., Kota Palu, Sulawesi Tengah",Kota Palu,Sulawesi Tengah
"Luwuk, Banggai Regency, Central Sulawesi 94711, Indonesia",Kabupaten Banggai,Sulawesi Tengah
"Luwuk, Banggai Regency, Central Sulawesi 94711, Indonesia",Kabupaten Banggai,Sulawesi Tengah
"Luwuk, Banggai Regency, Central Sulawesi 94711, Indonesia",Kabupaten Banggai,Sulawesi Tengah
"Jl. Datu Pamusu No.22, Kamonji, Kec. Palu Bar., Kota Palu, Sulawesi Tengah 94111, Indone",Kota Palu,Sulawesi Tengah
"Jl. Trans Sulawesi, Fatufia, Kec. Bahodopi, Kabupaten Morowali, Sulawesi Tengah 94974, In",Kabupaten Morowali,Sulawesi Tengah
"Jl. Trans Sulawesi, Desa Fatufia, Kec. Bahodopi, Sulawesi Tengah",Kabupaten Morowali,Sulawesi Tengah
"Jl. Trans Sulawesi, Desa Fatufia, Kec. Bahodopi, Sulawesi Tengah",Kabupaten Morowali,Sulawesi Tengah
"Jl. Trans Sulawesi, Desa Fatufia, Kec. Bahodopi, Sulawesi Tengah",Kabupaten Morowali,Sulawesi Tengah
"Tatura Selatan, Palu, Palu City, Central Sulawesi 94111, Indonesia",Kota Palu,Sulawesi Tengah
"Jl. Yos Sudarso No.33, Talise, Mantikulore, Kota Palu, Sulawesi Tengah 94118, Indonesia",Kota Palu,Sulawesi Tengah
"Jl. Kimaja, Besusu Bar., Kec. Palu Tim., Kota Palu, Sulawesi Tengah",Kota Palu,Sulawesi Tengah
"Jl. Woodward, Lolu Sel., Palu Sel., Kota Palu, Sulawesi Tengah 94111",Kota Palu,Sulawesi Tengah
"Jl. Wolter Monginsidi No.88, Lolu Sel., Kec. Palu Sel., Kota Palu, Sulawesi Tengah 9",Kota Palu,Sulawesi Tengah
"Jl. Daeng Tompo No.41B, RT.001/RW.04, Maloku, Kec. Ujung Pandang, Kota Maka",Kabupaten Parigi Moutong,Sulawesi Tengah
"Jl. Pulau Sumatera, Gebang Rejo, Poso Kota, Kabupaten Poso, Sulawesi Tengah 94",Kabupaten Poso,Sulawesi Tengah
"Jl. Dr. Moh. Hatta No.6C, Simpong,Luwuk, Sulawesi Tengah",Kabupaten Banggai,Sulawesi Tengah
"Jl. Ahmad Yani No.17, Tirta Kencana, Kabupaten Banggai, Sulawesi Tengah",Kabupaten Banggai,Sulawesi Tengah
"Jl. Trans Sulawesi, Desa Fatufia, Kec. Bahodopi, Sulawesi Tengah",Kabupaten Morowali,Sulawesi Tengah
"Jl. Tavanjuka Mas, Tawanjuka, Kec. Palu Sel., Kota Palu, Sulawesi Tengah 94111, In",Kota Palu,Sulawesi Tengah
"Jl. Trans Sulawesi, Desa Fatufia, Kec. Bahodopi, Sulawesi Tengah",Kabupaten Morowali,Sulawesi Tengah