"Jl. Aa. Gde Ngurah No 48 A-B Cakranegara Mataram, Nusa Tenggara Barat",Kota Mataram,Nusa Tenggara Barat
"Jl. Aa. Gde Ngurah No 48 A-B Cakranegara Mataram, Nusa Tenggara Barat",Kota Mataram,Nusa Tenggara Barat
"Jl. Aa. Gde Ngurah No 48 A-B Cakranegara Mataram, Nusa Tenggara Barat",Kota Mataram,Nusa Tenggara Barat
"Jl. Pejanggik, Pejanggik, Kec. Mataram, Kota Mataram, Nusa Tenggara Bar. 83231",Kota Mataram,Nusa Tenggara Barat
"Jl. AA. Gde Ngurah no 48 A-B Cakranegara Mataram, Nusa Tenggara Barat",Kota Mataram,Nusa Tenggara Barat
"Jl. Aa. Gde Ngurah No 48 A-B Cakranegara Mataram, Nusa Tenggara Barat",Kota Mataram,Nusa Tenggara Barat
Jl Jend.Sudirman Kompleks Pertokoan C.3-4 Lombok Tengah Ntb 83511,Kabupaten Lombok Tengah,Nusa Tenggara Barat
Jl Jend.Sudirman Kompleks Pertokoan C.3-4 Lombok Tengah Ntb 83511,Kabupaten Lombok Tengah,Nusa Tenggara Barat
"Jl. Jend Sudirman No. 69 - 70, Pancor, Pancor, Selong, Kabupaten Lombok Timur, Nusa Tenggara Bar. 83611",Kabupaten Lombok Timur,Nusa Tenggara Barat
"Jl. Jend Sudirman No. 69 - 70, Pancor, Pancor, Selong, Kabupaten Lombok Timur, Nusa Tenggara Bar. 83611",Kabupaten Lombok Timur,Nusa Tenggara Barat
"Jl. Jend. Sudirman No. 69-70, Selong, Kabupaten Lombok Timur, Nusa Tenggara Barat",Kabupaten Lombok Timur,Nusa Tenggara Barat
"Jl. Jend. Sudirman No. 69-70, Pancor Selong, Nusa Tenggara Barat",Kabupaten Lombok Timur,Nusa Tenggara Barat
"Jl. Sumbawa- Bima No. 2 Paruga Bima, Kota Bima, Nusa Tenggara Barat",Kota Bima,Nusa Tenggara Barat
"Jl. Sumbawa- Bima No. 2 Paruga Bima, Kota Bima, Nusa Tenggara Barat",Kota Bima,Nusa Tenggara Barat
"Jl. Sumbawa-Bima No.2, Paruga Bima, Kota Bima, Nusa Tenggara Barat",Kota Bima,Nusa Tenggara Barat
Townsite Pt. Newmont Batu Hijau Maluk Sumbawa Barat,Kabupaten Sumbawa Barat,Nusa Tenggara Barat
"Jl. Adi Sucipto No. 78, Dayan Peken Ampenan, Nusa Tenggara Barat",Kota Mataram,Nusa Tenggara Barat
"Jl. Adi Sucipto No. 78, Dayan Peken Ampenan, Nusa Tenggara Barat",Kota Mataram,Nusa Tenggara Barat
"Jl Pejanggik No. 20-22 Cakranegara Mataram, Nusa Tenggara Barat",Kota Mataram,Nusa Tenggara Barat
"Jl Pejanggik No. 20-22 Cakranegara Mataram, Nusa Tenggara Barat",Kota Mataram,Nusa Tenggara Barat
"Jl. Pejanggik No. 20-22, Cakranegara, Mataram, Nusa Tenggara Barat",Kota Mataram,Nusa Tenggara Barat
"Jl. Pejanggik 20-22, Cakranegara Mataram, Nusa Tenggara Barat",Kota Mataram,Nusa Tenggara Barat
"Jl. Pejanggik, Pejanggik, Kec. Mataram, Kota Mataram, Nusa Tenggara Bar. 83231",Kota Mataram,Nusa Tenggara Barat
"Jl. Pejanggik No. 20-22, Cakranegara, Mataram, Nusa Tenggara Barat",Kota Mataram,Nusa Tenggara Barat
Jl.Sriwijaya No.177 Ruko Blok F-G Pegesangan Timur Mataram Ntb 83115,Kota Mataram,Nusa Tenggara Barat
Jl.Sriwijaya No.177 Ruko Blok F-G Pegesangan Timur Mataram Ntb 83115,Kota Mataram,Nusa Tenggara Barat
"Lenek Daya, Aikmel, East Lombok Regency, West Nusa Tenggara, Indonesia",Kabupaten Lombok Barat,Nusa Tenggara Barat
"Gili Trawangan Pemenang Lombok Utara 83352, Nusa Tenggara Barat",Kabupaten Lombok Utara,Nusa Tenggara Barat
"Gili Trawangan, Gili Indah, Pemenang, North Lombok Regency, West Nusa Tenggara, Gili Indah, Pemenang, Kabupaten Lombok Utara, Nusa Tenggara Bar. 83352",Kabupaten Lombok Utara,Nusa Tenggara Barat
"Jl. Diponegoro No. 10 Sumbawa Besar, Kabupaten Sumbawa, Nusa Tenggara Barat",Kabupaten Sumbawa,Nusa Tenggara Barat
"Jl. Diponegoro No.10, Sumbawa Besar, Kabupaten Sumbawa, Nusa Tenggara Barat",Kabupaten Sumbawa,Nusa Tenggara Barat
"Jl. Raya Mataram - Labuhan Lombok No.16, Kopang Rembiga, Kopang, Kabupaten Lombok Tengah, Nusa Tenggara Bar",Kabupaten Lombok Tengah,Nusa Tenggara Barat
"Jl. Raya Labuhan Lombok No.47, Aikmel, Kabupaten Lombok Timur, Nusa Tenggara Bar",Kabupaten Lombok Timur,Nusa Tenggara Barat
"Jl. Raya Labuhan Lombok, Aikmel Lombok Timur, Nusa Tenggara Barat",Kabupaten Lombok Timur,Nusa Tenggara Barat
"Jl. Raya Tanjung, Desa Sokong, Tanjung, Kabupaten Lombok Utara Nusa Tenggara Bar. 83352",Kabupaten Lombok Utara,Nusa Tenggara Barat
"Jl. Tgh. Ibrahim Al-Khalidy No.16, Kediri, Kabupaten Lombok Barat, Nusa Tenggara Bar.",Kabupaten Lombok Barat,Nusa Tenggara Barat
"Jl. Soekarno Hatta No.16, Sakra, Kabupaten Lombok Timur, Nusa Tenggara Bar. 83671",Kabupaten Lombok Timur,Nusa Tenggara Barat
"Jl. Raya Terara, Sukadana, Terara, Kabupaten Lombok Timur, Nusa Tenggara Bar. 83663",Kabupaten Lombok Timur,Nusa Tenggara Barat
"Jl. Raya Lembar, Mataram, Gerung Utara, Gerung, Kabupaten Lombok Barat, Nusa Tenggara Bar",Kabupaten Lombok Barat,Nusa Tenggara Barat
"Jl. Raya Pamenang, Pamenang,  Lombok Barat, Nusa Tenggara Bar. 83352",Kota Mataram,Nusa Tenggara Barat
"Jl. Raya Masbagik No.6, Masbagik Lombok Timur, Nusa Tenggara Barat",Kabupaten Lombok Timur,Nusa Tenggara Barat
"Jl. Pahlawan, Renteng, Praya, Kabupaten Lombok Tengah, Nusa Tenggara Bar. 83511",Kabupaten Lombok Tengah,Nusa Tenggara Barat
"Jl. Raya Mujur, Mujur, Praya Tim., Kabupaten Lombok Tengah, Nusa Tenggara Bar. 83581",Kabupaten Lombok Tengah,Nusa Tenggara Barat
"Jl. Raya Labuhan Lombok, Batuyang, Pringgabaya, Lombok Timur",Kabupaten Lombok Timur,Nusa Tenggara Barat
"Menala, Taliwang, Kabupaten Sumbawa Barat, Nusa Tenggara Bar. 84455",Kabupaten Sumbawa Barat,Nusa Tenggara Barat
"Jl. Raya Masbagik Ruko No.6, Masbagik, Masbagik, Danger, Masbagik, Kabupaten Lombok Timur, Nusa Tenggara Bar. 83661, Indonesia",Kabupaten Lombok Timur,Nusa Tenggara Barat
"Jl. Raya Labuhan Lombok No.750, Labuhan Lombok, Pringgabaya, Kabupaten Lombok Timur, Nusa Tenggara Bar. 83654",Kabupaten Lombok Timur,Nusa Tenggara Barat
"Jl Gajah Mada ,Pagesangan, Mataram 83116, Nusa Tenggara Barat",Kota Mataram,Nusa Tenggara Barat
"Jl. Bung Karno, Pagutan Tim., Kec. Mataram, Kota Mataram, Nusa Tenggara Bar. 83127",Kota Mataram,Nusa Tenggara Barat
"Jl. Raya Tente, Tenga Woha Bima, Kabupaten Bima, Nusa Tenggara Barat",Kabupaten Bima,Nusa Tenggara Barat
"Jl. Manuru Bata Dompu, Potu, Dompu, Kabupaten Dompu, Nusa Tenggara Bar. 84213",Kabupaten Dompu,Nusa Tenggara Barat
"Jl. Raya Mataram- Tanjung, Gunung Sari, Kabupaten Lombok Barat, Nusa Tenggara Bar. 83351",Kabupaten Lombok Barat,Nusa Tenggara Barat
"Jl. Pahlawan, Alas Sumbawa Barat, Kabupaten Sumbawa Barat, Nusa Tenggara Barat",Kabupaten Sumbawa Barat,Nusa Tenggara Barat
"Jl. Pelabuhan Sape, Rasabou Sape Bima, Kabupaten Bima, Nusa Tenggara Barat",Kabupaten Bima,Nusa Tenggara Barat
"Jl. Raya By Pass Bil No. 16, Batujai Lombok Tengah",Kabupaten Lombok Tengah,Nusa Tenggara Barat
"Jl. Raya Mantang Praya Aik Dareq, Batukliang, Lombok Tengah 83352",Kabupaten Lombok Tengah,Nusa Tenggara Barat
"Jl. Lintas Sumbawa, Sila Bolo Bima, Kabupaten Bima, Nusa Tenggara Barat",Kabupaten Bima,Nusa Tenggara Barat
"Jl. Sawo No. 4, Rt.009 Rw.004, Kel. Rabangodu, Rabangodu",Kota Bima,Nusa Tenggara Barat
"Jl. Sandubaya No. 2, Bertais Mataram, Kota Mataram, Nusa Tenggara Barat",Kota Mataram,Nusa Tenggara Barat
"Jl. Sandubaya No.2, Bertais Mataram, Kota Mataram, Nusa Tenggara Barat",Kota Mataram,Nusa Tenggara Barat
"Jl. Arimbi No.12, Sapta Marga, Kec. Mataram, Kota Mataram, Nusa Tenggara Bar. 83232, Indonesia",Kabupaten Lombok Barat,Nusa Tenggara Barat
"Jl. Adi Sucipto No. 2A Rembige, Kec. Selaparang Kota Mataram",Kota Mataram,Nusa Tenggara Barat
"Jl Dr. Wahidin, Rembige, Midang, Kec. Mataram, Kabupaten Lombok Barat, Nusa Tenggara Bar.",Kabupaten Lombok Barat,Nusa Tenggara Barat
"Jl. Raya Senggigi, Senggigi, Batu Layar, Kabupaten Lombok Barat, Nusa Tenggara Bar. 83355, Indonesia",Kabupaten Lombok Barat,Nusa Tenggara Barat
"Jl. Airlangga No. 11 D, Selaparang Mataram, Nusa Tenggara Barat",Kota Mataram,Nusa Tenggara Barat
"Jl. Gajah Mada, Pagesangan, Kec. Mataram, Kota Mataram, Nusa Tenggara Bar. 83115",Kota Mataram,Nusa Tenggara Barat
"Jl. Prof M. Yamin Sh, No. 55, Selong - Lombok Timur",Kabupaten Lombok Timur,Nusa Tenggara Barat
"Jl. Catur Warga No. 33, Mataram, Kota Mataram, Nusa Tenggara Barat",Kota Mataram,Nusa Tenggara Barat
"Jl. Jend. Sudirman, Selaparang Mataram  83124, Nusa Tenggara Barat",Kota Mataram,Nusa Tenggara Barat
"Jl. By Pass Bil Praya, Kel. Tanak Awu, Kec. Pujut, Tanak Awu, Pujut, Kabupaten Lombok Tengah, Nusa Tenggara Bar. 83573",Kabupaten Lombok Tengah,Nusa Tenggara Barat
"Gili Trawangan Island, Jl. Pantai Gili Trawangan, Gili Indah, Pemenang, North Lombok Regency, West Nusa Tenggara 83352",Kota Gili Indah,Nusa Tenggara Barat
"Jl. Sultan Hasanuddin, Kandai Dua Woha Dompu, Nusa Tenggara Barat",Kabupaten Dompu,Nusa Tenggara Barat
"Jl. Sultan Muhammad Salahuddin No. 4, Amahami Bima",Kota Bima,Nusa Tenggara Barat
"Jl. Gajah Mada, Monggonao, Mpunda, Bima, Nusa Tenggara Bar. 84117",Kabupaten Bima,Nusa Tenggara Barat
"Gili Trawangan, Gili Indah Pemenang, Kabupaten Lombok Utara, Nusa Tenggara Barat",Kabupaten Lombok Utara,Nusa Tenggara Barat
"Jl. Bung Karno No. 143 Pagutan - Mataram, Nusa Tenggara Barat",Kota Mataram,Nusa Tenggara Barat
"Jl Prabu Rangkasari, Dasan Cermen Mataram, Nusa Tenggara Barat",Kota Mataram,Nusa Tenggara Barat
"Jl. Aa. Gde Ngurah No 48 A-B Cakranegara Mataram, Nusa Tenggara Barat",Kota Mataram,Nusa Tenggara Barat
"Jl. Raya Pemenang, Pemenang, Lombok Utara 83352, Nusa Tenggara Barat",Kabupaten Lombok Utara,Nusa Tenggara Barat
"Jl. Lingkar Selatan Pagutan, Mataram 83361, Nusa Tenggara Barat",Kota Mataram,Nusa Tenggara Barat
"Jl Ahmad Yani, Gerimax Indah Narmada, Lombok Barat",Kota Mataram,Nusa Tenggara Barat
"Jl. Lintas Sumbawa - Bima, Bolo Bima, Kabupaten Bima, Nusa Tenggara Barat",Kabupaten Bima,Nusa Tenggara Barat
"Jl. Raya Senggigi, Meninting, Batu Layar, Kabupaten Lombok Barat, Nusa Tenggara Bar.",Kabupaten Lombok Barat,Nusa Tenggara Barat
"Jl. Tgh Ibrahim Al- Khalidy, Kediri Lombok Barat, Nusa Tenggara Barat",Kabupaten Lombok Barat,Nusa Tenggara Barat
"Jl. By Pass Bil, Tanak Awu Pujut Lombok Tengah, Nusa Tenggara Barat",Kabupaten Lombok Tengah,Nusa Tenggara Barat
"Jl. H. Lalu Hasim, Praya Lombok Tengah, Kabupaten Lombok Tengah, Nusa Tenggara Barat",Kabupaten Lombok Tengah,Nusa Tenggara Barat
"Jl Pejanggik No.8 Cakranegara Ntb 83231, Nusa Tenggara Barat",Kota Mataram,Nusa Tenggara Barat
"Jl. Raya Mataram - Labuhan Lombok, Narmada, Nusa Tenggara Barat",Kabupaten Lombok Barat,Nusa Tenggara Barat
"Gili Meno, Gili Indah, Gili Indah, Pemenang, Kabupaten Lombok Utara, Nusa Tenggara Bar. 83352",Kabupaten Lombok Utara,Nusa Tenggara Barat
"Jl Tgh Faisal No 33, Sandubaya Mataram, Kota Mataram, Nusa Tenggara Barat",Kota Mataram,Nusa Tenggara Barat
Lombok Epicentrum Mall Jl. Sriwijaya No. 7 Mataram,Kota Mataram,Nusa Tenggara Barat
"Jl. Bypass Bandara Int. Lombok, Batujai, Praya Bar., Kabupaten Lombok Tengah, Nusa Tenggara Bar. 83561",Kota Mataram,Nusa Tenggara Barat
"Jl. Pariwisata Pantai Kuta, Kuta Pujut Lombok Tengah",Kabupaten Lombok Tengah,Nusa Tenggara Barat
"Labulia, Jonggat, Kabupaten Lombok Barat, Nusa Tenggara Bar. 83561",Kabupaten Lombok Barat,Nusa Tenggara Barat
"Jl. Langko Taman Sari, Ampenan, Kota Mataram,, Nusa Tenggara Barat",Kota Mataram,Nusa Tenggara Barat
"Jl. Brawijaya No.189, Mandalika, Kec. Sandubaya, Kota Mataram, Nusa Tenggara Bar. 83233, Indonesia",Kota Mataram,Nusa Tenggara Barat
"Gili Air, Pemenang Lombok Utara, Kabupaten Lombok Utara, Nusa Tenggara Barat",Kabupaten Lombok Utara,Nusa Tenggara Barat
"Jl. Terusan Bung Hatta No.37A, Pejanggik, Kec. Mataram, Kota Mataram, Nusa Tenggara Bar. 83239, Indonesia",Kota Mataram,Nusa Tenggara Barat
"Jl. Jend. Sudirman No. 19, Praya Lombok Tengah, Nusa Tenggara Barat",Kabupaten Lombok Tengah,Nusa Tenggara Barat
"Jl. Panca Usaha No.30, Cilinaya, Kec. Cakranegara, Kota Mataram, Nusa Tenggara Bar. 83239",Kota Mataram,Nusa Tenggara Barat
"Jl. H. Lalu Anggrat Ba No. 2, Gerung, Gerung Utara, Gerung, Kabupaten Lombok Barat, Nusa Tenggara Bar. 83363",Kabupaten Lombok Barat,Nusa Tenggara Barat
"Jl. Adi Sucipto, Ampenan Mataram, Kota Mataram, Nusa Tenggara Barat",Kota Mataram,Nusa Tenggara Barat
"Jl. Langko, Dasan Agung Baru Mataram, Kota Mataram, Nusa Tenggara Barat",Kota Mataram,Nusa Tenggara Barat
"Jl. Pendidikan No.39 Dasan Agung Baru Mataram, Nusa Tenggara Barat",Kota Mataram,Nusa Tenggara Barat
"Jl. Garuda No. 1 Brang Biji Sumbawa, Kabupaten Sumbawa, Nusa Tenggara Barat",Kabupaten Sumbawa,Nusa Tenggara Barat
Jl. Raya Keruak Jerowaru Kabupaten Lombok Timur Nusa Tenggara Bar.,Kabupaten Lombok Timur,Nusa Tenggara Barat
"Jl. Pejanggik No. 105 Cakranegara, Mataram, Nusa Tenggara Barat",Kota Mataram,Nusa Tenggara Barat
"Jl. Hos Cokroaminoto No. 21B, Monjok Baru Mataram, Nusa Tenggara Barat",Kota Mataram,Nusa Tenggara Barat
"Jl. Arya Banjar Getas Wisma Seruni V No.3, Ampenan",Kota Mataram,Nusa Tenggara Barat
"Jl. Pariwisata Pantai Kuta, Kuta Pujut Lombok Tengah",Kabupaten Lombok Tengah,Nusa Tenggara Barat
"Jl. Majapahit No.10C, Kekalik Jaya, Kec. Sekarbela, Kota Mataram, Nusa Tenggara Bar. 83114",Kota Mataram,Nusa Tenggara Barat
"Jl. Raya Sukamulia, Sekarteja Selong, Kabupaten Lombok Timur, Nusa Tenggara Barat",Kabupaten Lombok Timur,Nusa Tenggara Barat
"Jl. Unizar No 20, Turida, Mataram, Kota Mataram, Nusa Tenggara Barat",Kota Mataram,Nusa Tenggara Barat
"Jl. Pariwisata Ruko Bale Pelangi Sandik, Lombok Barat",Kabupaten Lombok Barat,Nusa Tenggara Barat
"Jl. Majapahit No. 62, Gomong Selaparang Mataram, Nusa Tenggara Barat",Kota Mataram,Nusa Tenggara Barat
"Jl. Sultan Kaharudin Karang Pule, Sekarbela Mataram",Kota Mataram,Nusa Tenggara Barat
"Gili Trawangan, Gili Indah Pemenang, Kabupaten Lombok Utara, Nusa Tenggara Barat",Kabupaten Lombok Utara,Nusa Tenggara Barat
"Jalan Garuda No. 70-72, Labuhan Badas, Labuan Sumbawa, Kec. Sumbawa, Kabupaten Sumbawa, Nusa Tenggara Bar. 84316",Kabupaten Sumbawa,Nusa Tenggara Barat
"Jl. Catur Warga No.50, Pejanggik, Kec. Mataram, Kota Mataram, Nusa Tenggara Bar. 83126, Indonesia",Kota Mataram,Nusa Tenggara Barat
"Jl. Raya Maluk, Pasir Putih Maluk, Kabupaten Sumbawa Barat, Nusa Tenggara Barat",Kabupaten Sumbawa Barat,Nusa Tenggara Barat
"Townsite, Batu Hijau Maluk Sumbawa Barat, Nusa Tenggara Barat",Kabupaten Sumbawa Barat,Nusa Tenggara Barat
"Jl. Ahmad Yani No.89, Bertais, Sandubaya, Kota Mataram, Nusa Tenggara Bar. 83236",Kota Mataram,Nusa Tenggara Barat
"Jl. Panji Tilar Negara, Tj. Karang Permai, Kec. Sekarbela, Kota Mataram, Nusa Tenggara Bar.",Kota Mataram,Nusa Tenggara Barat
"Jl. Prabu Rangkasari, Dasan Cermen, Kec. Sandubaya, Kota Mataram, Nusa Tenggara Bar.",Kota Mataram,Nusa Tenggara Barat
"Jl. Sriwijaya, Gebang Cakranegara, Kota Mataram, Nusa Tenggara Barat",Kota Mataram,Nusa Tenggara Barat
"Jl. Raya Lembar, Beleke, Gerung, Kabupaten Lombok Barat, Nusa Tenggara Bar.",Kabupaten Lombok Barat,Nusa Tenggara Barat
"Jl. Soekarno Hatta, Monggonao, Mpunda, Bima, Nusa Tenggara Bar. 84116",Kota Bima,Nusa Tenggara Barat
"JL. Lalu Mesir, Unizar, Turida, Sandubaya, Turida, Kec. Mataram, Kota Mataram, Nusa Tenggara Bar. 83232, Indonesia",Kota Mataram,Nusa Tenggara Barat
"Lombok Epicentrum Mall Jl. Sriwijaya No.7 Mataram, Nusa Tenggara Barat",Kota Mataram,Nusa Tenggara Barat
"Dusun Gili Air, Desa Gili Indah, Kec. Pemenang, Gili Indah, Pemenang, Kabupaten Lombok Utara, Nusa Tenggara Bar. 83352",Kabupaten Lombok Utara,Nusa Tenggara Barat
"Jl. S. Parman Komplek Pertokoan Mesjid Agung Block 6-7, Leneng Praya",Kabupaten Lombok Tengah,Nusa Tenggara Barat
"Jl. Majapahit, Kekalik Jaya, Kec. Sekarbela, Kota Mataram, Nusa Tenggara Bar. 83125",Kota Mataram,Nusa Tenggara Barat
"Pelabuhan Benette, Maluk, Sumbawa Barat, Nusa Tenggara Barat",Kabupaten Sumbawa Barat,Nusa Tenggara Barat
"Gili Trawangan, Gili Indah Pemenang, Kabupaten Lombok Utara, Nusa Tenggara Barat",Kabupaten Lombok Utara,Nusa Tenggara Barat
"Jl. A. A Gede Ngurah, Cakranegara Tim., Kec. Cakranegara, Kota Mataram, Nusa Tenggara Bar.",Kota Mataram,Nusa Tenggara Barat