"Jl. Kol. Yos Sudarso No.8, Silalas, Kec. Medan Bar., Kota Medan, Sumatera Utara 20234, Indonesia",Kota Medan,Sumatera Utara
"Jl. Imam Bonjol No. 7, Petisah Tengah, Medan Petisah",Kota Medan,Sumatera Utara
"Jl. Kol. Yos Sudarso, M A B A R, Kec. Medan Deli, Kota Medan, Sumatera Utara 20231, Indonesia",Kota Medan,Sumatera Utara
"Jl. Jamin Ginting No.681, Titi Rantai, Kec. Medan Baru",Kota Medan,Sumatera Utara
"Jl. Jamin Ginting No.681, Titi Rantai, Kec. Medan Baru,",Kota Medan,Sumatera Utara
"Jl. Jamin Ginting No.681, Titi Rantai, Kec. Medan Baru, Kota Medan, Sumatera Utara 20157",Kota Medan,Sumatera Utara
"Jl. Diponegoro No.12A-B,Lubuk Pakam, Kota Medan, Sumatra Utara",Kota Medan,Sumatera Utara
"Jl. Diponegoro No.12A-B,Lubuk Pakam, Kabupaten Deli Serdang, Sumatra Utara",Kabupaten Deli Serdang,Sumatera Utara
"Jl. Diponegoro No.12A-B,Lubuk Pakam, Kabupaten Deli Serdang, Sumatra Utara",Kabupaten Deli Serdang,Sumatera Utara
"Jl. Veteran No.29, Tambak Lau Mulgap I, Kec. Berastagi, Kabupaten Karo,",Kabupaten Karo,Sumatera Utara
"Jl. Veteran No.29, Tambak Lau Mulgap I, Kec. Berastagi, Kabupaten Karo,",Kabupaten Karo,Sumatera Utara
"Jl. Veteran No. 92 - 96, Kabanjahe,, Kabupaten Karo, Sumatra Utara",Kabupaten Karo,Sumatera Utara
"Jl. Veteran No. 92 - 96, Kabanjahe,, Kabupaten Karo, Sumatra Utara",Kabupaten Karo,Sumatera Utara
"Jl. Veteran No. 92 - 96, Kabanjahe, , Kabupaten Karo, Sumatra Utara",Kabupaten Karo,Sumatera Utara
"Jl. Perniagaan No.327, Kesawan, Kec. Medan Bar., Kota Medan, Sumatera Utara 20212, Indonesia",Kota Medan,Sumatera Utara
"Jl. Pulau Pinang, Kesawan, Kec. Medan Bar., Kota Medan, Sumatera Utara 20212",Kota Medan,Sumatera Utara
"Jl. Perniagaan No.327, Kesawan, Kec. Medan Bar., Kota Medan, Sumatera Utara 20212, Indonesia",Kota Medan,Sumatera Utara
"Jl. Setia Budi, Tj. Rejo, Kec. Medan Sunggal, Sumatra Utara",Kota Medan,Sumatera Utara
"Jl. Setia Budi, Tj. Rejo, Kec. Medan Sunggal, Kota Medan, Sumatera Utara 20122",Kota Medan,Sumatera Utara
"Jl. Brigjen Zain Hamid No. 28, Titi Kuning, Medan Johor,",Kota Medan,Sumatera Utara
"Jl. Brigjen Zain Hamid No. 28, Titi Kuning, Medan Johor,",Kota Medan,Sumatera Utara
"Suzuya Plaza Blok A 3-4, Jl. Raya Tanjung Morawa Km 17,5",Kabupaten Deli Serdang,Sumatera Utara
"Suzuya Plaza Blok A 3-4, Jl. Raya Tanjung Morawa Km 17,5",Kabupaten Deli Serdang,Sumatera Utara
"Suzuya Plaza Blok A 3-4, Jl. Raya Tanjung Morawa Km 17,5",Kabupaten Deli Serdang,Sumatera Utara
"Jl. Putri Hijau No.10m, Kesawan, Kec. Medan Bar., Kota Medan, Sumatera Utara 20111, Indonesia",Kota Medan,Sumatera Utara
"Jl. Putri Hijau No.10, Kesawan, Kec. Medan Bar., Kota Medan,",Kota Medan,Sumatera Utara
"Jl. Veteran No. 1 GH, Medan, Sumatera Utara, 20321",Kota Medan,Sumatera Utara
"Jl. Veteran No.27, Gg. Buntu, Kec. Medan Tim., Kota Medan, Sumatera Utara 20212, Indonesia",Kota Medan,Sumatera Utara
"Jl. Bandara Kuala Namu, Ps. Enam Kuala Namu, Kabupaten Deli Serdang,",Kabupaten Deli Serdang,Sumatera Utara
"Jl. Gatot Subroto No.139, Sei Sikambing D, Kec. Medan Petisah,",Kota Medan,Sumatera Utara
"Jl. J. Gatot Subroto, Petisah Tengah, Kec. Medan Petisah",Kota Medan,Sumatera Utara
"Jl. Gatot Subroto No.139, Sei Sikambing D, Kec. Medan Petisah, Kota Medan, Sumatera Utara 20118, Indonesia",Kota Medan,Sumatera Utara
"Jl. Karya Wisata, Pangkalan Masyhur, Kec. Medan Johor",Kota Medan,Sumatera Utara
"Jl. Karya Wisata, Pangkalan Masyhur, Kec. Medan Johor",Kota Medan,Sumatera Utara
"Jl. Karya Wisata, Pangkalan Masyhur, Kec. Medan Johor",Kota Medan,Sumatera Utara
"Jl. Karya No.169, Karang Berombak, Kec. Medan Bar., Kota Medan, Sumatera Utara 20117, Indonesia",Kota Medan,Sumatera Utara
"Jl. Karya No.169, Karang Berombak, Kec. Medan Bar., Kota Medan, Sumatera Utara 20117, Indonesia",Kota Medan,Sumatera Utara
"Jl. Karya No.169, Karang Berombak, Kec. Medan Bar., Kota Medan, Sumatera Utara 20117, Indonesia",Kota Medan,Sumatera Utara
"Jl. Imam Bonjol No.16D, Petisah Tengah, Kec. Medan Petisah, Kota Medan, Sumatera Utara 20112",Kota Medan,Sumatera Utara
"Jl. Gatot Subroto No.143, Petisah Tengah, Kec. Medan Petisah, Kota Medan, Sumatera Utara 20111, Indonesia",Kota Medan,Sumatera Utara
"Jl. J. Gatot Subroto, Petisah Tengah, Kec. Medan Petisah,",Kota Medan,Sumatera Utara
"Jl. Denai No.245, Tegal Sari Mandala Ii, Kec. Medan Denai",Kota Medan,Sumatera Utara
"Jalan Medan Batang Kuis No.49, Dusun Enam,, Sumatra Utara",Kabupaten Deli Serdang,Sumatera Utara
"Jl. Pahlawan Deli Tua- Medan No.15, Deli Tua, Sumatra Utara",Kabupaten Deli Serdang,Sumatera Utara
"Jl. Pahlawan Deli Tua-Medan No. 15, Deli Tua, Kec. Deli Tua Kab, Deli Serdang",Kota Medan,Sumatera Utara
"Jl. Jamin Ginting, Sugau, Kec. Pancur Batu, Kabupaten Deli Serdang,",Kota Medan,Sumatera Utara
"Jl. Kirana Raya No. 40-42, Petisah Tengah, Sumatra Utara",Kota Medan,Sumatera Utara
"Jl. Kirana Raya No. 40-42, Petisah Tengah, Sumatra Utara",Kota Medan,Sumatera Utara
"Jl. Pertahanan No.87, Timbang Deli, Kec. Medan Amplas, Kota Medan, Sumatera Utara 20149, Indonesia",Kota Medan,Sumatera Utara
"Jalan Besar Tigabinanga, Kecamatan Tigabinanga, Kabupaten Karo, Sumatera Utara 22162, Tigabinanga, Tiga Bina",Kabupaten Karo,Sumatera Utara
"Jl. Karya Jaya No.256A, Gedung Johor, Kec. Medan Johor, Kota Medan,",Kota Medan,Sumatera Utara
"Jl.Cactus Raya Blok K No. 36 G Komplek Tasbih, Sumatra Utara",Kota Medan,Sumatera Utara
"Jl.Cactus Raya Blok K No. 36 G Komplek Tasbih, Sumatra Utara",Kota Medan,Sumatera Utara
"Jl.Cactus Raya Blok K No. 36 G Komplek Tasbih, Sumatra Utara",Kota Medan,Sumatera Utara
"Jl. Pdam Tirtanadi Sunggal,No 267, Kota Medan, Sumatra Utara",Kota Medan,Sumatera Utara
"Jl. Kapten Pala Bangun No.84, Lau Cimba, Kabanjahe, Kabupaten Karo, Sumatera Utara 22111, Indonesia",Kabupaten Karo,Sumatera Utara
"Jl. Bakaran Batu No.31 , Tj. Garbus Satu, Lubuk Pakam,",Kabupaten Deli Serdang,Sumatera Utara
"Jl. Bajak Ii No. A3 Kel, Harjosari Ii, Kota Medan, Sumatra Utara",Kota Medan,Sumatera Utara
"Jl. Letjen S Parman No.207de, RT.02, Babura, Kec. Medan Baru, Kota Medan, Sumatera Utara 20153, Indonesia",Kota Medan,Sumatera Utara
"Jl. Balai Kota No.12-14, Kesawan, Kec. Medan Bar., Kota Medan, Sumatera Utara 20111, Indonesia",Kota Medan,Sumatera Utara
"Bank Mandiri Medan Balai Kota, Kesawan, Kec. Medan Bar., Kota Medan, Sumatera Utara, Indonesia",Kota Medan,Sumatera Utara
"Bank Mandiri Medan Balai Kota, Kesawan, Kec. Medan Bar., Kota Medan, Sumatera Utara, Indonesia",Kota Medan,Sumatera Utara
"Bank Mandiri Medan Balai Kota, Kesawan, Kec. Medan Bar., Kota Medan, Sumatera Utara, Indonesia",Kota Medan,Sumatera Utara
"Komplek Bsm Jl. Soekarno Hatta No.14 Binjai, Sumatra Utara",Kota Binjai,Sumatera Utara
"Jl. Jend Sudirman No 397 Binjai, Kota Binjai, Sumatra Utara",Kota Binjai,Sumatera Utara
"Jl. Perintis Kemerdekaan No. 5-5A, Kota Medan, Sumatra Utara",Kota Medan,Sumatera Utara
"Jl. Perintis Kemerdekaan No.5, Gaharu, Kec. Medan Tim., Kota Medan, Sumatera Utara 20231, Indonesia",Kabupaten Langkat,Sumatera Utara
"Jl. Arief Rahman Hakim No.104, Sukaramai I, Kec. Medan Area, Kota Medan, Sumatera Utara 20216",Kota Medan,Sumatera Utara
Jalan Arief Rahman Hakim No. 104 Kel.  Tegal Sari I Kec. Medan Area,Kota Medan,Sumatera Utara
"Jl. Arief Rahman Hakim No.62a, Sukaramai I, Kec. Medan Area, Kota Medan, Sumatera Utara 20227, Indonesia",Kota Medan,Sumatera Utara
"Jl. Cirebon, Ps. Baru, Kec. Medan Kota, Kota Medan, Sumatera Utara 20212, Indonesia",Kota Medan,Sumatera Utara
"Jl. Cirebon No.53, Ps. Baru, Kec. Medan Kota, Kota Medan, Sumatera Utara 20212, Indonesia",Kota Medan,Sumatera Utara
"Jl Sultan Iskandar Muda No. 29 Abc, Kel. Merdeka, Kec. Medan Baru, 20153",Kota Medan,Sumatera Utara
"Jl Sultan Iskandar Muda No. 29 Abc, Kel. Merdeka, Kec. Medan Baru, 20153",Kota Medan,Sumatera Utara
"Jl. Iskandar Muda No.135B, Sei Sikambing D, Kec. Medan Petisah, Kota Medan, Sumatera Utara 20111, Indonesia",Kota Medan,Sumatera Utara
"Jl. Kapten Muslim No.115a, Dwi Kora, Kec. Medan Helvetia, Kota Medan, Sumatera Utara 20122, Indonesia",Kota Medan,Sumatera Utara
"Jl. Kapten Muslim Komp. Mega Com No 1 A, Sumatra Utara",Kota Medan,Sumatera Utara
"Jl. Kapten Muslim No.115a, Dwi Kora, Kec. Medan Helvetia, Kota Medan, Sumatera Utara 20122, Indonesia",Kota Medan,Sumatera Utara
"Jl. Sisingamangaraja No. 55 A-B, Kota Medan, Sumatra Utara",Kota Medan,Sumatera Utara
"Jl. Sisingamangaraja No. 55 A-B, Kota Medan, Sumatra Utara",Kota Medan,Sumatera Utara
"Jl. Sisingamangara No. 55 A-B Medan, Kota Medan, Sumatra Utara",Kota Medan,Sumatera Utara
"Jl.Gatot Subroto Km 8 N0.15 - 16 Medan, Kota Medan, Sumatra Utara",Kota Medan,Sumatera Utara
"Jl. Gagak Hitam No.70, Sei Sikambing B, Kec. Medan Sunggal, Kota Medan, Sumatera Utara 20122, Indonesia",Kota Medan,Sumatera Utara
"Jl. Jend.Gatot Subroto KM.8 No. A 15-16 Kel. Sunggal, Kec. Medan Sunggal",Kota Medan,Sumatera Utara
"Jl. Wahidin No.42, Pandau Hulu I, Kec. Medan Kota, Kota Medan, Sumatera Utara 20233, Indonesia",Kota Medan,Sumatera Utara
"Jl. Wahidin No.42, Pandau Hulu I, Kec. Medan Kota, Kota Medan, Sumatera Utara 20233, Indonesia",Kota Medan,Sumatera Utara
"Jl. Dr. Mansyur No.68, Merdeka, Kec. Medan Baru, Kota Medan, Sumatera Utara 20154, Indonesia",Kota Medan,Sumatera Utara
"Jl. Gunung Krakatau No.118a, Glugur Darat I, Kec. Medan Tim., Kota Medan, Sumatera Utara 20236, Indonesia",Kota Medan,Sumatera Utara
"Jl. Gunung Krakatau No.118a, Glugur Darat I, Kec. Medan Tim., Kota Medan, Sumatera Utara 20236, Indonesia",Kota Medan,Sumatera Utara
"Jl. Krakatau No. 60/120 Medan, 20238 Sumatera Utara",Kota Medan,Sumatera Utara
"Jl. Semarang No.46f, RW.02, Ps. Baru, Kec. Medan Kota, Kota Medan, Sumatera Utara 20212, Indonesia",Kota Medan,Sumatera Utara
"Jl. Ring Road, Komp. Mega Busines Centre No. 3, Sumatra Utara",Kota Medan,Sumatera Utara
"Jl. Ringroads Komplek Mega Bisnis Center No.3, Sumatra Utara",Kota Medan,Sumatera Utara
Jl. Marelan Raya Komplek Ruko Irian Supermarket No.6-7,Kota Medan,Sumatera Utara
Jl. Marelan Raya Komplek Ruko Irian Supermarket No.6-7,Kota Medan,Sumatera Utara
"Komplek Pertamina Sumbagut, Desa Puraka I, Sei Lepan",Kabupaten Langkat,Sumatera Utara
"Komp.Pertamina Sumbagut Pb20857, Kota Medan, Sumatra Utara",Kota Medan,Sumatera Utara
"Jl. Thamrin No.75R, Sei Rengas II, Kec. Medan Kota, Kota Medan, Sumatera Utara 20211, Indonesia",Kota Medan,Sumatera Utara
"Komplek Pertamina Sumbagut, Pangkalan Brandan, Sumatra Utara",Kabupaten Langkat,Sumatera Utara
"Jl. Lintas Sumatra, Tangkahan Durian, Brandan Bar., Kabupaten Langkat, Sumatera Utara 20859, Indonesia",Kabupaten Langkat,Sumatera Utara
"Komplek Pertamina Sumbangut Pangkalan Brandan, Sumatra Utara",Kota Langkat,Sumatera Utara
"Jl. Kh Zainul Arifin No. 32, Stabat, Kota Medan, Sumatra Utara",Kota Medan,Sumatera Utara
"Jl. KH. Zainul Arifin No.32, Kwala Bingai, Kec. Stabat, Kabupaten Langkat, Sumatera Utara 20811, Indonesia",Kabupaten Langkat,Sumatera Utara
"Jl.Kh.Zainul Arifin No.6-8 Stabat, Kota Medan, Sumatra Utara",Kota Medan,Sumatera Utara
"Jl. Cemara Boulevard Blok G.I No. 29 - 31, Sumatra Utara",Kota Medan,Sumatera Utara
"Jl. Boulevard Blok G 29-31, Komp. Cemara Asri Medan",Kota Medan,Sumatera Utara
"Jl. Mesjid No.184, Sampali, Kec. Percut Sei Tuan, Kabupaten Deli Serdang, Sumatera Utara 20371, Indonesia",Kota Medan,Sumatera Utara
"Bank Mandiri Mangkubumi, Kesawan, Kec. Medan Bar., Kota Medan, Sumatera Utara, Indonesia",Kota Medan,Sumatera Utara
"Jl. Pulau Batam Kawasan Industri Medan, Sumatra Utara",Kota Medan,Sumatera Utara
"Jl. Pelabuhan II Kotak Pos 15, Belawan II, Medan Belawan, Belawan II, Medan Kota Belawan, Kota Medan, Sumate",Kota Medan,Sumatera Utara
"Jl. Pelabuhan II Kotak Pos 15, Belawan II, Medan Belawan, Belawan II, Medan Kota Belawan, Kota Medan, Sumate",Kota Medan,Sumatera Utara
"Jl. Pelabuhan II Kotak Pos 15, Belawan II, Medan Belawan, Belawan II, Medan Kota Belawan, Kota Medan, Sumate",Kota Medan,Sumatera Utara
"Jln. Pelabuhan Ii No. 1 Kel. Belawan Ii, Sumatra Utara",Kota Medan,Sumatera Utara
"Jl. Gatot Subroto No.39 Kec. Binjai Barat, Sumatra Utara",Kota Medan,Sumatera Utara
"Jl. Gadjah Mada No.8A, Kec Pekan Kuala, Sumatra Utara",Kabupaten Langkat,Sumatera Utara
"EF Jl. Gunung Krakatau No.7, Pulo Brayan Darat II, Kec. Medan Tim., Kota Medan, Sumatera Utara 20216, Indones",Kota Medan,Sumatera Utara
"Jl. Gunung Krakatau, Pulo Brayan Darat II, Kec. Medan Tim., Kota Medan, Sumatera Utara 20237, Indonesia",Kota Medan,Sumatera Utara
"Jl.Nusa Indah Raya No.56 Helvetia Tengah Medan, Sumatra Utara",Kota Medan,Sumatera Utara
"Jl. Jendral Sudirman No.292, Binjai, Kec. Binjai Kota, Kota Binjai, Sumatera Utara 20711, Indonesia",Kota Binjai,Sumatera Utara
"Jl. Berdikari No. 10 Pekan Bahorok, Kota Medan, Sumatra Utara",Kota Medan,Sumatera Utara
"Jl. Secanggang, Hinai Kiri, Secanggang, Kabupaten Langkat, Sumatera Utara 20855, Indonesia",Kabupaten Langkat,Sumatera Utara
"Jl. Pusat Pasar No.94-95, Pusat Ps., Kec. Medan Kota, Kota Medan, Sumatera Utara 20216, Indonesia",Kota Medan,Sumatera Utara
"Jl. Pusat Pasar No.94-95, Pusat Ps., Kec. Medan Kota, Kota Medan, Sumatera Utara 20232, Indonesia",Kabupaten Langkat,Sumatera Utara
"Jl.Besar Batang Serangan, Tj.Selamat Padang Tualang",Kabupaten Langkat,Sumatera Utara
"Jalan Besar Tanjung Pura Langkat, Kabupaten Langkat, Sumatra Utara",Kabupaten Langkat,Sumatera Utara
"Pekan Besitang, Jl. Raya Medan - Aceh, Kabupaten Langkat, Sumatra Utara",Kabupaten Langkat,Sumatera Utara
"Jl. Tengku Amir Hamzah, Griya Bidadari No. 3, Sumatra Utara",Kabupaten Langkat,Sumatera Utara
"Jl. Asia No.97CD, Sei Rengas II, Kec. Medan Area, Kota Medan, Sumatera Utara 20211, Indonesia",Kota Medan,Sumatera Utara
"Jl. Asia No.97CD, Sei Rengas II, Kec. Medan Area, Kota Medan, Sumatera Utara 20211, Indonesia",Kota Medan,Sumatera Utara
"Jl. Asia No.97CD, Sei Rengas II, Kec. Medan Area, Kota Medan, Sumatera Utara 20211, Indonesia",Kota Medan,Sumatera Utara
"Jl. Letda Sujono No.221, Bantan Tim., Kec. Medan Tembung, Kota Medan, Sumatera Utara 20223, Indonesia",Kota Medan,Sumatera Utara
"Jl. Letda Sujono No.221, Bantan Tim., Kec. Medan Tembung, Kota Medan, Sumatera Utara 20223, Indonesia",Kota Medan,Sumatera Utara
"Jl. Yos Sudarso Blok  A No.1A, Pulo Brayan, Sumatra Utara",Kota Medan,Sumatera Utara
"Jl. Yos Sudarso Blok A No. 1 A Medan, Kota Medan, Sumatra Utara",Kota Medan,Sumatera Utara
"Jl. Yos Sudarso Blok  A No.1A, Pulo Brayan, Sumatra Utara",Kota Medan,Sumatera Utara
"Jl. Jendral Sudirman No 14 Pematangsiantar, Sumatra Utara",Kota Pematang Siantar,Sumatera Utara
"Jl. Jendral Sudirman No 14 Pematangsiantar, Sumatra Utara",Kota Pematang Siantar,Sumatera Utara
"Jl. Jendral Sudirman No 14 Pematangsiantar, Sumatra Utara",Kota Pematang Siantar,Sumatera Utara
"Jl. Jendral Sudirman No 14 Pematangsiantar, Sumatra Utara",Kota Pematang Siantar,Sumatera Utara
"Jl. Jendral Sudirman No 14 Pematangsiantar, Sumatra Utara",Kota Pematang Siantar,Sumatera Utara
"Jl. Jendral Sudirman No 14 Pematangsiantar, Sumatra Utara",Kota Pematang Siantar,Sumatera Utara
"Jl. Jendral Sudirman No 14 Pematangsiantar, Sumatra Utara",Kota Pematang Siantar,Sumatera Utara
"Jl. Patuan Nagari No.10, Balige, Kota Balige, Sumatra Utara",Kota Balige,Sumatera Utara
"Jl. Patuan Nagari No.10, Sangkar Nihuta, Balige, Kabupaten Toba Samosir, Sumatera Utara 22312, Indonesia",Kabupaten Toba Samosir,Sumatera Utara
"Komp.Mega Land Jl.Asahan Sangnawaluh No.50-51  , Sumatra Utara",Kota Pematang Siantar,Sumatera Utara
"Komp.Mega Land Jl.Asahan Sangnawaluh No.50-51  , Sumatra Utara",Kota Pematang Siantar,Sumatera Utara
"Komp.Mega Land Jl.Asahan Sangnawaluh No.50-51  , Sumatra Utara",Kota Pematang Siantar,Sumatera Utara
"Jl.Merdeka No. 140, Dolok Sanggul, Kabupaten Humbang Hasundutan, Sumatra Utara",Kabupaten Humbang Hasundut,Sumatera Utara
Jl Merdeka Dolok Sanggul No 52 Kab Humbang Hasundutan,Kabupaten Humbang Hasundut,Sumatera Utara
"Jl. Diponegoro No.118ab, Ilir, Gn. Sitoli, Kota Gunungsitoli, Sumatera Utara, Indonesia",Kota Gunungsitoli,Sumatera Utara
"Jl. Diponegoro No.118ab, Ilir, Gn. Sitoli, Kota Gunungsitoli, Sumatera Utara, Indonesia",Kota Gunungsitoli,Sumatera Utara
"Jl. Diponegoro No.118ab, Ilir, Gn. Sitoli, Kota Gunungsitoli, Sumatera Utara, Indonesia",Kabupaten Nias,Sumatera Utara
"Jl. Sutomo No. 16, Pematangsiantar, Kota Pematang Siantar, Sumatra Utara",Kota Pematang Siantar,Sumatera Utara
"Jl. Sutomo No. 16, Pematangsiantar, Kota Pematang Siantar, Sumatra Utara",Kota Pematang Siantar,Sumatera Utara
"Jl. Sutomo No 16 Pematangsiantar, Kota Pematang Siantar, Sumatra Utara",Kota Pematang Siantar,Sumatera Utara
"Jl. Sutomo No.16 Pematangsiantar, Kota Pematang Siantar, Sumatra Utara",Kota Pematang Siantar,Sumatera Utara
"Jl. Sutomo No.20, Simalungun, Kec. Siantar Sel., Kota Pematang Siantar, Sumatera Utara 21144, Indonesia",Kota Pematang Siantar,Sumatera Utara
"Jl Sisingamangaraja No 488 Perdagangan, Sumatra Utara",Kabupaten Simalungun,Sumatera Utara
"Jl Sisingamangaraja No 488 Perdagangan, Kabupaten Simalungun, Sumatra Utara",Kabupaten Simalungun,Sumatera Utara
"Jl Sisingamangaraja No 488 Perdagangan, Sumatra Utara",Kabupaten Simalungun,Sumatera Utara
"Jl. Dr. Sutomo No. 17, Tebing Tinggi, Kota Tebing Tinggi, Sumatra Utara",Kota Tebing Tinggi,Sumatera Utara
"Jl. Dr. Sutomo No. 17, Tebing Tinggi, Kota Tebing Tinggi, Sumatra Utara",Kota Tebing Tinggi,Sumatera Utara
"Jl. Dr. Sutomo No. 17, Tebing Tinggi, Kota Tebing Tinggi, Sumatra Utara",Kota Tebing Tinggi,Sumatera Utara
"Jl. Dr. Sutomo No. 17, Tebing Tinggi, Kota Tebing Tinggi, Sumatra Utara",Kota Tebing Tinggi,Sumatera Utara
"Jl. Dr. Sutomo No. 17, Tebing Tinggi, Kota Tebing Tinggi, Sumatra Utara",Kota Tebing Tinggi,Sumatera Utara
"Jl. Jend. Sudirman No. 59, Indrapura, Kabupaten Batu Bara, Sumatra Utara",Kabupaten Batu Bara,Sumatera Utara
Jl. Sisingamangaraja No.47 Kel. Pasar Siborong-Borong,Kabupaten Tapanuli Utara,Sumatera Utara
"Jl. SM Raja No. 47, Siborong-borong Pasar Siborongborong",Kota Siborongborong,Sumatera Utara
"Jl. Merdeka No. 5C Kel, Serbelawan Kec. Dolok Batu Nanggar, Serbelawan  Kab Simalungun Bank Mandiri Serbela",Kabupaten Simalungun,Sumatera Utara
"Jl. Ahmad Yani No.43, Ps. Baru, Sibolga Kota, Kota Sibolga, Sumatera Utara 22513, Indonesia",Kota Sibolga,Sumatera Utara
"Jl. Ahmad Yani No.43, Ps. Baru, Sibolga Kota, Kota Sibolga, Sumatera Utara 22513, Indonesia",Kota Sibolga,Sumatera Utara
"Jl. Ahmad Yani No.43, Ps. Baru, Sibolga Kota, Kota Sibolga, Sumatera Utara 22513, Indonesia",Kota Sibolga,Sumatera Utara
"Jl. Ahmad Yani No.43, Ps. Baru, Sibolga Kota, Kota Sibolga, Sumatera Utara 22513, Indonesia",Kota Sibolga,Sumatera Utara
"Jl. Raya Pekan Sidamanik No. 52, Sidamanik, Sumatra Utara",Kabupaten Simalungun,Sumatera Utara
"Jl. Sm Raja No.86, Hutatoruan X, Tarutung, Kabupaten Tapanuli Utara, Sumatera Utara 22411, Indonesia",Kabupaten Tapanuli Utara,Sumatera Utara
"Jl. Sm Raja No.14, Tanah Jawa, Kab. Simalungun, Sumatra Utara",Kabupaten Simalungun,Sumatera Utara
"Jl. Sutomo, Saribudolok, Silimakuta, Kabupaten Simalungun, Sumatra Utara",Kabupaten Simalungun,Sumatera Utara
"Jl. Medan Km 9,5 Komplek Beringin Indah Kab. Simalungun",Kabupaten Simalungun,Sumatera Utara
"Jl. Diponegoro, Pardomuan I, Pangururan, Kabupaten Samosir, Sumatera Utara 22392, Indonesia",Kabupaten Samosir,Sumatera Utara
Jl. Thamrin-Tebing Tinggi Pasar Gambir Tebing Tinggi,Kota Tebing Tinggi,Sumatera Utara
"Jl. Sm Raja No 192 Parluasan, Pematang Siantar  Bank Mandiri Cabang Parluasan",Kota Pematang Siantar,Sumatera Utara
"Jl. Raya Lintas Tengah Sumatera No 116, Porsea, Kab. Toba Samosir",Kabupaten Toba Samosir,Sumatera Utara
Jl. Sutomo Griya Raya Hapoltakan Pematang Raya No 22-21 Kab Simalungun,Kabupaten Simalungun,Sumatera Utara
DAFTAR ATM OPERASIONAL BANK MANDIRI,,
ALAMAT,KOTA,PROVINSI
"Jl. Sisingamangaraja No.160, Kota Sidikalang, Sidikalang, Kabupaten Dairi, Sumatera Utara 22218, Indonesia",Kabupaten Dairi,Sumatera Utara
Jl. Perintas Kemerdekaan No 06 Galang Deli Serdang,Kabupaten Deli Serdang,Sumatera Utara
"Jl. Dusun Iv No. 2 Pagar Merbau Ii, Kabupaten Deli Serdang",Kabupaten Deli Serdang,Sumatera Utara
"Jl. Negara No. 88A, Sei Rampah - Sergei, Sumatra Utara",Kabupaten Serdang Bedagai,Sumatera Utara
"Jl. Hang Kesturi No.4, Batu Besar, Kecamatan Nongsa, Kota Batam, Kepulauan Riau 29467, Indonesia",Kota Medan,Sumatera Utara
"mandau city mall, Babussalam, Kec. Mandau, Kabupaten Bengkalis, Riau 28784, Indonesia",Kota Sibolga,Sumatera Utara
"Jl. Jend. Ahmad Yani No.2, Rantau Prapat, Sumatra Utara",Kabupaten Labuhanbatu,Sumatera Utara
"Jl. Jend. Ahmad Yani No.2, Rantau Prapat, Sumatra Utara",Kabupaten Labuhanbatu,Sumatera Utara
"Jl. Jend. Ahmad Yani No. 2, Bakaran Batu, Rantau Selatan, Pulo Padang, Rantau Utara, Kabupaten Labuhan Batu, S",Kabupaten Labuhanbatu,Sumatera Utara
"Jl. Ahmad Yani No.49, Tj. Balai Karimun, Kec. Karimun, Kabupaten Karimun, Kepulauan Riau 29661, Indonesia",Kota Tanjung Balai,Sumatera Utara
"Jl. Teuku Umar No. 169-173, Tanjung Balai Selatan, Sumatra Utara",Kota Tanjung Balai,Sumatera Utara
"Jl. Teuku Umar No. 169-173, Tanjung Balai Selatan, Sumatra Utara",Kota Tanjung Balai,Sumatera Utara
"Jl. Jend Sudirman No 30-32, Padang Sidempuan, Sumatra Utara",Kota Padang Sidempuan,Sumatera Utara
"Jl. Jend. Sudirman No. 30-32, Padang Sidempuan, Sumatra Utara",Kota Padang Sidempuan,Sumatera Utara
"Jl. Jend. Sudirman No.30-32, Padang Sidempuan, Sumatra Utara",Kota Padang Sidempuan,Sumatera Utara
"Jl. Jend Sudirman No 30-32, Padang Sidempuan, Sumatra Utara",Kota Padang Sidempuan,Sumatera Utara
"Jl. Hos Cokroaminoto No.65, Kisaran, Kabupaten Asahan, Sumatra Utara",Kabupaten Asahan,Sumatera Utara
"Jl.Hos Cokroaminoto No. 65 Kisaran, Kabupaten Asahan, Sumatra Utara",Kabupaten Asahan,Sumatera Utara
"Jl. Cokro Aminoto No.73, Kisaran Kota, Kec. Kota Kisaran Barat, Kabupaten Asahan, Sumatera Utara 21211, Indon",Kota Medan,Sumatera Utara
"Jl. Cokro Aminoto No.65, Sei Renggas, Kec. Kota Kisaran Barat, Kabupaten Asahan, Sumatera Utara 41311, Indone",Kabupaten Asahan,Sumatera Utara
"Jl. Letkol. Martinus Lubis No.11, Kota Rantau Prapat, Sumatra Utara",Kota Rantauprapat,Sumatera Utara
"Jl. Letkol. Martinus Lubis No.11 , Kabupaten Labuhanbatu, Sumatra Utara",Kabupaten Labuhanbatu,Sumatera Utara
"Jl. Letkol Martinus Lubis No. 11, Rantau Prapat, Sumatra Utara",Kabupaten Labuhanbatu,Sumatera Utara
"Jl. Merdeka No. 101, Kel. Pasar Sipirok, Sipirok, Sumatra Utara",Kabupaten Tapanuli Selatan,Sumatera Utara
"Jl. Ahmad Yani No.24, Kec. Bilah Hulu, Aek Nabara, Sumatra Utara",Kabupaten Labuhanbatu,Sumatera Utara
"Jl. Lintas Sumatra Labuhan Batu No.25, Kp Pajak, Sumatra Utara",Kabupaten Labuhanbatu Utara,Sumatera Utara
"Jl. Protokol Negeri Lama No.85, Bilah Hilir, Negeri Lama",Kabupaten Labuhanbatu,Sumatera Utara
"Jl. Lintas Sumatera No.28, Sei Piring, Kec. Rehuning, Asahan",Kabupaten Asahan,Sumatera Utara
"Jl. Jend. Sudirman No. 250, Aek Kanopan Timur, Kualuh Hulu",Kabupaten Labuhanbatu Utara,Sumatera Utara
"Jl. Jend. Sudirman No. 250, Aek Kanopan Timur, Kualuh Hulu",Kabupaten Aek Kanopan,Sumatera Utara
"Jl.Jend. Gatot Subroto No.52, Rantau Prapat, Sumatra Utara",Kabupaten Labuhanbatu,Sumatera Utara
"Jl. S. Parman No.177, Kel. Sidorejo, Kec. Rantau Selatan, Rantau Prapat",Kabupaten Labuhanbatu,Sumatera Utara
"Jl. Merdeka No.56, Kel. Pasar Gunung Tua, Kec. Padang Bolak",Kabupaten Padang Lawas,Sumatera Utara
"Jl. Jend. Sudirman No.34 Kel. Wek Ii, Padang Sidempuan Utara",Kota Padang Sidempuan,Sumatera Utara
"Jl. Lintas P.Sidempuan - Sibolga, Km.25, Desa Sumuran Kec. Batang Toru",Kota Padang Sidempuan,Sumatera Utara
"Jl. Raya Lintas Sumatera No. 138 - 140, Aek Batu, Torgamba, Cikampak",Kabupaten Labuhanbatu Selata,Sumatera Utara
"Jl. Raya Lintas Sumatera No. 138 - 140, Aek Batu, Torgamba, Cikampak",Kabupaten Labuhanbatu Selata,Sumatera Utara
"Jl. Willem Iskandar No. 105, Panyabungan, Sumatra Utara",Kabupaten Mandailing Natal,Sumatera Utara
"Jl. Willem Iskandar No.105, Panyabungan, Sumatra Utara",Kabupaten Mandailing Natal,Sumatera Utara
"Jl. Willem Iskandar No. 105, Panyabungan, Sumatra Utara",Kabupaten Mandailing Natal,Sumatera Utara
"Jl. Kihajar Dewantara, No. 30, Sibuhuan, Kec.Barumun",Kabupaten Padang Lawas,Sumatera Utara
"Psr Sibuhuan, Barumun, Padang Lawas Regency, North Sumatra 22763, Indonesia",Kabupaten Padang Lawas,Sumatera Utara
"Tlk. Bano I, Kec. Bangko Pusako, Kabupaten Rokan Hilir, Riau 28912, Indonesia",Kabupaten Labuhanbatu Selata,Sumatera Utara
"Tlk. Bano I, Kec. Bangko Pusako, Kabupaten Rokan Hilir, Riau 28912, Indonesia",Kabupaten Labuhanbatu Selata,Sumatera Utara
"Jl. Karangsari Anyer Gunung Maligas , Kabupaten Simalungun, Sumatra Utara",Kabupaten Simalungun,Sumatera Utara
Komplek Taman Setia Budi Indah Jln. Crysant V Blok C No. 1,Kota Medan,Sumatera Utara
"Jl. H. Adam Malik No.11, Sekip, Kec. Medan Petisah, Kota Medan,",Kota Medan,Sumatera Utara
"Jl. Brigjend Katamso No.710, Kp. Baru, Kec. Medan Maimun, Kota Medan,",Kota Medan,Sumatera Utara
"Jl. Raya Medan Lubuk Pakam Km. 20, Tanjung Morawa Lubuk Pakam, Sumatera Utara",Kabupaten Deli Serdang,Sumatera Utara
"Jl. Lintas Sumatera Kec. Air Batu,Desa Hessa, Sumatra Utara",Kabupaten Asahan,Sumatera Utara
"Jl. Diponegoro No. 2, Kel. Pancuran Gerobak, Sibolga",Kota Sibolga,Sumatera Utara
"Jl. Brigjend Katamso Pantai Burung 3 No.36, Sei Mati, Kec. Medan Maimun, Kota Medan, Sumatera Utara 20215,",Kota Medan,Sumatera Utara
"Jl Pergubungan, Laut Dendang, Percut Sei Tuan, Deli Serdang, Sumatera Utara",Kota Medan,Sumatera Utara
"Jl.Jend. Gatot Subroto Km. 4,5 Sei Kambing, Sumatra Utara",Kota Medan,Sumatera Utara
"Jl. Sisingamangaraja No.7, Mesjid, Medan Kota, Kota Medan, Sumatera Utara 20212",Kota Medan,Sumatera Utara
"Kel. Bah Jambi, Kec. Hutabayuraja, Kab. Simalungun",Kabupaten Simalungun,Sumatera Utara
"Jl. Pendeta Justin Sihombing, Merdeka, Siantar Tim., Kota Pematang Siantar, Sumatera Utara 21143",Kota Pematang Siantar,Sumatera Utara
"Jalan Dr Sutomo No 21 Pahlawan, Binjai Utara, Sumatra Utara",Kota Binjai,Sumatera Utara
"Jl.Lintas Sumatera Km.13 Desa Air Genting, Simpang Kawat, Kisaran",Kabupaten Asahan,Sumatera Utara
"Jl. Krakatau Ujung No.18, Tj. Mulia, Kec. Medan Deli, Kota Medan, Sumatera Utara 20237, Indonesia",Kota Medan,Sumatera Utara
"Jl. Imam Bonjol No.33, J A T I, Kec. Medan Maimun, Kota Medan, Sumatera Utara 20151, Indonesia",Kota Medan,Sumatera Utara
DAFTAR ATM OPERASIONAL BANK MANDIRI,,
ALAMAT,KOTA,PROVINSI
"Jl. Gaperta No.206-200, Helvetia, Kec. Medan Helvetia, Kota Medan, Sumatera Utara 20123, Indonesia",Kota Medan,Sumatera Utara
"Jl. Sei Batang Hari No.35, Babura Sunggal, Kec. Medan Sunggal, Kota Medan, Sumatera Utara 20112, Indonesia",Kota Medan,Sumatera Utara
"Jln. Jend. Gatot Subroto Km. 5,5 Medan, Sumatra Utara",Kota Medan,Sumatera Utara
"Jl. Gabion, Bagan Deli, Medan Kota Belawan, Kota Medan, Sumatera Utara",Kota Medan,Sumatera Utara
"Pabatu, Serdang Bedagai, Kab. Sergei, Kota Tebing Tinggi, Sumatra Utara",Kota Tebing Tinggi,Sumatera Utara
"Jl. Sisingamangaraja No.11, Km.4, Padang Sidempuan",Kota Padang Sidempuan,Sumatera Utara
"Jl. Darussalam No.12, Sei Sikambing D, Medan Petisah, Kota Medan, Sumatera Utara 20119",Kota Medan,Sumatera Utara
"Kp. Klp. Satu, Galang, Kabupaten Deli Serdang,, Sumatra Utara",Kabupaten Deli Serdang,Sumatera Utara
"Jln. Bandar Klippa, Percut Sei Tuan, Amplas, Sumatra Utara",Kabupaten Deli Serdang,Sumatera Utara
"Jl. Hang Jebat, Batu Besar, Kecamatan Nongsa, Kota Batam, Kepulauan Riau 29465, Indonesia",Kota Medan,Sumatera Utara
"Jl. Jend. Ahmad Yani No.10, Rantau Prapat, Sumatra Utara",Kabupaten Labuhanbatu,Sumatera Utara
"Mandoge, Kec. Bandar Pasir Mandoge, Kab. Asahan, Sumatra Utara",Kabupaten Simalungun,Sumatera Utara
"Jl. Lintas Sumatera, Ptpn Iv, Pulu Raja, Aek Batu, Sumatra Utara",Kabupaten Asahan,Sumatera Utara
"Jl. Melanton Siregar Pematangsiantar, Kota Pematang Siantar, Sumatra Utara",Kota Pematang Siantar,Sumatera Utara
"Simpang Tiga Pekan, Perbaungan, Serdang Bedagai Regency,",Kabupaten Deli Serdang,Sumatera Utara
"Jl. Sei Mencirim Dusun Ii Paya Geli No.86, Sumatra Utara",Kota Medan,Sumatera Utara
"Jl. Gatot Subroto Simpang Jl Ayahanda Medan, Sumatra Utara",Kota Medan,Sumatera Utara
"Jl. Karya Jaya No.174, Gedung Johor, Kec. Medan Johor, Kota Medan, Sumatera Utara 20147, Indonesia",Kota Medan,Sumatera Utara
"Jl. Veteran No.99, Helvetia, Kec. Labuhan Deli, Kabupaten Deli Serdang, Sumatera Utara 20241, Indonesia",Kota Medan,Sumatera Utara
"Jl. Amal Luhur No.30, Dwi Kora, Kec. Medan Helvetia, Kota Medan, Sumatera Utara 20123, Indonesia",Kota Medan,Sumatera Utara
"Jln. Jamin Ginting Km. 11,5 Simpang Selayang, Sumatra Utara",Kabupaten Deli Serdang,Sumatera Utara
Jl. Sangnawaluh Kel. Kerasaan I Kec. Pematang Bandar Kerasaan Pematangbandar Simalungun,Kabupaten Simalungun,Sumatera Utara
"Jl. Darussalam, Babura, Kec. Medan Baru, Kota Medan,",Kota Medan,Sumatera Utara
"Jl. Gaperta Ujung No. 33 Rt.Rw Kel, Tj. Gusta, Kec. Medan Helvetia, Kota Medan, Sumatera Utara 20125, Indonesi",Kota Medan,Sumatera Utara
"Jl. Bandara Kuala Namu, Ps. Enam Kuala Namu, Kabupaten Deli Serdang,",Kabupaten Deli Serdang,Sumatera Utara
"Jalan Utama Dusun Vii Kec. Batangkuis, Kabupaten Deli Serdang, Sumatra Utara",Kabupaten Deli Serdang,Sumatera Utara
"Jl. Sekip No.58 G, Sekip, Kec. Medan Petisah, Kota Medan, Sumatera Utara 20113, Indonesia",Kota Medan,Sumatera Utara
"Jl. St. No.7, Belawan II, Medan Kota Belawan, Kota Medan, Sumatera Utara 20411, Indonesia",Kota Medan,Sumatera Utara
"Jl. Sisingamangaraja Sudut, Medan Amplas, Sitirejo Ii, Kec. Medan Amplas, Kota Medan,",Kota Medan,Sumatera Utara
"Jl. Listrik No.2A, Petisah Tengah, Kec. Medan Petisah",Kota Medan,Sumatera Utara
"Jl. Rawa No.9, Timbang Deli, Kec. Medan Amplas, Kota Medan, Sumatera Utara 20148, Indonesia",Kota Medan,Sumatera Utara
"Jl. Fl. Tobing No 79 Pandan Tapanuli Tengah, Sumatra Utara",Kabupaten Tapanuli Tengah,Sumatera Utara
"Jl. Denai No.217, Tegal Sari Mandala II, Kec. Medan Denai, Kota Medan, Sumatera Utara 20371, Indonesia",Kota Medan,Sumatera Utara
"Sei Kopas, Kec. Bandar Pasir Mandoge, Kab. Asahan, Sumatra Utara",Kabupaten Simalungun,Sumatera Utara
"Ptpn Iv Ajamu, Desa Perkebunan Ajamu, Kec.Panai Hulu, Labuhanbatu",Kabupaten Labuhanbatu,Sumatera Utara
"Jl. Nagori Panombena Hutahurung, Bah Birong Ulu, Jorlang Hantaran Kabupaten Simalungun",Kabupaten Simalungun,Sumatera Utara
"Jl. Platina Raya No. 108. Medan, Kota Medan, Sumatra Utara",Kota Medan,Sumatera Utara
Jl. Jend. Sudirman No. 14 Pematangsiantar 21117 Sumatera Utara,Kota Pematang Siantar,Sumatera Utara
"Jl. Jend Sudirman No 30-32, Padang Sidempuan, Sumatra Utara",Kota Padang Sidempuan,Sumatera Utara
"Jl. Imam Bonjol No.7, Petisah Tengah, Kec. Medan Petisah, Kota Medan, Sumatera Utara 20152, Indonesia",Kota Medan,Sumatera Utara
"Jl. Balaikota No. 8-10 Medan 20111, Kota Medan, Sumatra Utara",Kota Medan,Sumatera Utara
"Jl. Balaikota No. 8-10 Medan 20111, Kota Medan, Sumatra Utara",Kota Medan,Sumatera Utara
"Jl. Jend. Ahmad Yani No.2, Rantau Prapat, Sumatra Utara",Kabupaten Labuhanbatu,Sumatera Utara
"Jl. Karya Jaya, Pangkalan Mansyur, Kota Medan, Sumatra Utara",Kota Medan,Sumatera Utara
"Jl. Flamboyan Raya No.66, Tj. Selamat, Kec. Medan Tuntungan, Kota Medan,",Kota Medan,Sumatera Utara
"Jl Sei Mencirim, Desa Suka Maju, Kota Medan, Sumatra Utara",Kota Medan,Sumatera Utara
"Lrg. Sekolah No.1, Belawan I, Medan Kota Belawan, Kota Medan, Sumatera Utara 20411, Indonesia",Kota Medan,Sumatera Utara
"Jl. Mandala By Pass No.52, Bantan Tim., Kec. Medan Tembung, Kota Medan, Sumatera Utara 20223, Indonesia",Kota Medan,Sumatera Utara
"Jl. Garuda Raya No.39, Tegal Sari Mandala II, Kec. Medan Denai, Kota Medan, Sumatera Utara 20371, Indonesia",Kota Medan,Sumatera Utara
"Jl. Halat No.52, Ps. Merah Tim., Kec. Medan Area, Kota Medan, Sumatera Utara 20215, Indonesia",Kota Medan,Sumatera Utara
"Jl. Kh. Dewantara No.129, Kel. Sioldengan, Kec. Rantau Selatan, Rantau Prapat",Kabupaten Labuhanbatu,Sumatera Utara
"Jl. Ahmad Yani No 206, Pematangsiantar, Kota Pematang Siantar, Sumatra Utara",Kota Pematang Siantar,Sumatera Utara
"Parbutaran, Bosar Maligas Kabupaten Simalungun, Sumatra Utara",Kabupaten Simalungun,Sumatera Utara
"Jl. Ngumban Surbakti 79, Sempakata, Kec. Medan Selayang, Kota Medan,",Kota Medan,Sumatera Utara
"Jl. Kh. Dewantara No.129, Kel. Sioldengan, Kec. Rantau Selatan, Rantau Prapat",Kabupaten Labuhanbatu,Sumatera Utara
"Jln. Rakyat Simpang Pendidikan, Kel. Tegal Rejo, Kec. Medan Perjuangan",Kota Medan,Sumatera Utara
"Desa Sungai Korang, Kecamatan Hutaraja Tinggi, Sumatra Utara",Kabupaten Padang Lawas,Sumatera Utara
"Jalan Multatuli Komplek Multatuli Medan, Sumatra Utara",Kota Medan,Sumatera Utara
"Bandar Pinang Kebon, Bintang Bayu, Serdang Bedagai Regency,",Kabupaten Deli Serdang,Sumatera Utara
"Jl. Stm, Suka Maju, Medan Johor, Kota Medan,, Sumatra Utara",Kota Medan,Sumatera Utara
"Jln. Menteng Raya No. 7 (Dpn Perum. Menteng Indah) Kel. Medan Tenggara, Kec. Medan Denai",Kota Medan,Sumatera Utara
DAFTAR ATM OPERASIONAL BANK MANDIRI,,
ALAMAT,KOTA,PROVINSI
"Jl. Danau Singkarak No.10J-K-L, Sei Agul, Kec. Medan Bar., Kota Medan, Sumatera Utara 20114, Indonesia",Kota Medan,Sumatera Utara
"Jl. Marindal No.22, Mekar Sari, Kec. Deli Tua, Kabupaten Deli Serdang, Sumatera Utara 20148, Indonesia",Kota Medan,Sumatera Utara
"Jl. Gagak Hitam No.28, Ringroad Medan, Kota Medan, Sumatra Utara",Kota Medan,Sumatera Utara
"Jl.Merdeka Barat Km.2,5, Desa Aek Pining - Batang Toru",Kabupaten Tapanuli Selatan,Sumatera Utara
"Jl. Sisingamangaraja No.66 Pematangsiantar, Sumatra Utara",Kota Pematang Siantar,Sumatera Utara
"Jl. Access Road Inalum No.Desa, Pakam Raya, Medang Deras, Kabupaten Batu Bara, Sumatera Utara 21258",Kabupaten Batu Bara,Sumatera Utara
"Jl.Raya Lintas Sumatera, Kampung Beringin, Desa Asam Jawa, Kota Pinang",Kabupaten Labuhanbatu Selata,Sumatera Utara
"Jl. Di Panjaitan No. 49,Pematangsiantar, Kota. Siantar",Kota Pematang Siantar,Sumatera Utara
"Desa Pangarungan, Kec Torgamba, Cikampak, Labuhan Batu Selatan",Kabupaten Labuhanbatu Selata,Sumatera Utara
"Jl. Kapten Muchtar Basri No.3, Glugur Darat II, Kec. Medan Tim., Kota Medan, Sumatera Utara 20238, Indonesia",Kota Medan,Sumatera Utara
"Bandara Internasional Silangit, Jalan Silangit, Silando Muara, Siborongborong",Kabupaten Tapanuli Utara,Sumatera Utara
"Jl. Veteran No.123, Lumban Tobing, Dolok sanggul, Kabupaten Humbang Hasundutan, Sumatera Utara 22457, Ind",Kabupaten Humbang Hasundut,Sumatera Utara
"Jl. Cut Mutia No.1, Madras Hulu, Medan Polonia, Sumatra Utara",Kota Medan,Sumatera Utara
"Jl. Lintas Sumatera - Desa Sungai Raja, Aek Kota Baru, Rantau Prapat",Kabupaten Labuhanbatu,Sumatera Utara
"Jl. Lintas Sumatra, Perbaungan, Bilah Hulu, Kabupaten Labuhan Batu, Sumatera Utara 21451, Indonesia",Kota Labuhanbatu,Sumatera Utara
"Jl. Jend. Ahmad Yani No. 125 - 127, Kartini, Rantau Utara, Rantau Prapat",Kabupaten Labuhanbatu,Sumatera Utara
"Jl. Sm Raja No 40 Bandar Sono Tebingtinggi, Sumatra Utara",Kota Tebing Tinggi,Sumatera Utara
"Jl. KH. Zainul Arifin No.7, Petisah Tengah, Kec. Medan Petisah, Kota Medan, Sumatera Utara 20152, Indonesia",Kota Medan,Sumatera Utara
"Jl. KH. Zainul Arifin No.7, Petisah Tengah, Kec. Medan Petisah, Kota Medan, Sumatera Utara 20152, Indonesia",Kota Medan,Sumatera Utara
"Jl. Lintas Simpang Kebun Kopi Dusun Iii, Empat Negeri Limapuluh Batubara",Kabupaten Batu Bara,Sumatera Utara
"Jl. Arief Rahman Hakim No.168, Sukaramai I, Kec. Medan Area, Kota Medan, Sumatera Utara 20227, Indonesia",Kota Medan,Sumatera Utara
"Jl. Kenanga Raya No.66, Tj. Sari, Kec. Medan Selayang",Kota Medan,Sumatera Utara
"Bandara Kualanamu, Beringin, Kec. Beringin, Kabupaten Deli Serdang,",Kabupaten Deli Serdang,Sumatera Utara
"Jl. Tahi Bonar Simatupang No.187, Sunggal, Kec. Medan Sunggal, Kota Medan, Sumatera Utara 20127, Indonesia",Kota Medan,Sumatera Utara
"Desa Sei Silau Barat, Kec. Setia Janji, Kab. Asahan",Kota Kisaran,Sumatera Utara
"Jl. M. T. Haryono No.8, Pusat Ps., Kec. Medan Kota, Kota Medan, Sumatera Utara 20211, Indonesia",Kota Medan,Sumatera Utara
"Jl. M. T. Haryono No.1, RT.02, Ps. Baru, Kec. Medan Kota, Kota Medan, Sumatera Utara 20212, Indonesia",Kota Medan,Sumatera Utara
"Jl. Iskandar Muda No.107, Babura, Kec. Medan Baru, Kota Medan,",Kota Medan,Sumatera Utara
"Jl. Kelambir 5, Tj. Gusta, Kec. Medan Helvetia, Kota Medan,",Kota Medan,Sumatera Utara
"Jl. Samanhudi No.20, J A T I, Kec. Medan Maimun, Sumatra Utara",Kota Medan,Sumatera Utara
"Pulo Brayan Kota, Jl. Kol. Yos Sudarso No.338, Glugur Kota, Kec. Medan Bar., Kota Medan, Sumatera Utara 20238,",Kota Medan,Sumatera Utara
"Jl. Serdang No.57 Perbaungan Serdang Bedagai, Sumatra Utara",Kabupaten Serdang Bedagai,Sumatera Utara
"Kop.Karyawan Pertamina Jln.Samudera P.Susu, Sumatra Utara",Kabupaten Langkat,Sumatera Utara
"Kop.Karyawan Pertamina Jln.Samudera P.Susu, Sumatra Utara",Kota Medan,Sumatera Utara
"Jl. Sunggal No.221, Sunggal, Kec. Medan Sunggal, Kota Medan, Sumatera Utara 20122",Kota Medan,Sumatera Utara
"Jl. Lintas Tengah Sumatera No 44 Tiga Raja, Girsang Sipangan Bolon,Prapat Kab Simalungun",Kabupaten Simalungun,Sumatera Utara
"Jl. Acces Road Desa Pakam No 169  Kab Batu Bara, Sumatra Utara",Kabupaten Batu Bara,Sumatera Utara
"Gedung Uniland Lt. 1, Jl. Mt Haryono A-1, Sumatra Utara",Kota Medan,Sumatera Utara
"Jl. Penerbangan No.85, Sempakata, Kec. Medan Selayang, Kota Medan, Sumatera Utara 20131",Kota Medan,Sumatera Utara
"Jl.Tanjung Morawa. Km 12,8, Ujung Serdang, Kabupaten Deli Serdang,",Kabupaten Deli Serdang,Sumatera Utara
"Jl. Medan - Binjai No.km. 13.7, Medan Krio, Kec. Sunggal, Kabupaten Deli Serdang, Sumatera Utara 20351, Indone",Kota Medan,Sumatera Utara
"Jl. Raya Tanjung Morawa Km 18.5 Medan, Kota Medan, Sumatra Utara",Kota Medan,Sumatera Utara
"Desa Kuala Tanjung,Sei Suka Kwala Tanjung Kec. Sei Suka Kabupaten Batubara",Kabupaten Batu Bara,Sumatera Utara
"Jl. Bunga Lau No.17, Kemenangan Tani, Kec. Medan Tuntungan",Kota Medan,Sumatera Utara
"Jl. Bunga Lau No.17, Kemenangan Tani, Kec. Medan Tuntungan",Kota Medan,Sumatera Utara
"Jl. Kuala Tj. No.63, Perdagangan I, Bandar, Kabupaten Simalungun, Sumatera Utara 21184, Indonesia",Kabupaten Simalungun,Sumatera Utara
"Gg. Dwikora Baru No.22, Tj. Rejo, Kec. Medan Sunggal, Kota Medan, Sumatera Utara 20154, Indonesia",Kota Medan,Sumatera Utara
"Jl. Gaperta Ujung No.87c, Tj. Gusta, Kec. Medan Helvetia, Kota Medan, Sumatera Utara 20126, Indonesia",Kota Medan,Sumatera Utara
"Jln. Iskandar Muda No. 7, Sei Sikambing D, Medan Petisah, Kota Medan",Kota Medan,Sumatera Utara
"Desa Perkebunan Parlabian Kec. Kampung Rakyat, Kab. Labuhanbatu Selatan",Kabupaten Labuhanbatu Selata,Sumatera Utara
"Jln. Setiabudi No. 79-B Sei Serayu Medan, Sumatra Utara",Kota Medan,Sumatera Utara
"Jl. Lintas Tiga Lingga Kab Dairy, Kabupaten Dairi, Sumatra Utara",Kabupaten Dairi,Sumatera Utara
"Jl. Mh. Thamrin No.126, Lubuk Pakam Pekan, Kec. Lubuk Pakam",Kabupaten Deli Serdang,Sumatera Utara
"Jl. Medan- Tebing Tinggi, Km. 69, Serdang Begadai, Penonggol, Tebing Tinggi, Kabupaten Serdang Bedagai, Sumat",Kabupaten Serdang Bedagai,Sumatera Utara
"Jalan Balaikota No.4, Kesawan, Medan Barat, Kesawan, Medan Bar., Kota Medan, Sumatera Utara 20236",Kota Medan,Sumatera Utara
"Komplek Industri Tpl, Porsea, Kab. Toba Samosir, Sumatra Utara",Kabupaten Toba Samosir,Sumatera Utara
"Jl. Jalinsum Lima Puluh Kel Lima Puluh Kota, Lima Puluh Kota Lima Puluh Batu Bara 21255",Kabupaten Batu Bara,Sumatera Utara
"Banjaran Raya, Padang Tualang, Kabupaten Langkat, Sumatera Utara 20852, Indonesia",Kota Medan,Sumatera Utara
"Mayang, Kec. Bosar Maligas, Kab. Simalungun, Sumatra Utara",Kabupaten Simalungun,Sumatera Utara
"Jl.Razak Baru No.26 Petisah Tengah, Medan Petisah, Sumatra Utara",Kota Medan,Sumatera Utara
"Jl. Perintis Kemerdekaan, Desa Padang Sidempuan Selatan Kec. Padang Matinggi",Kota Padang Sidempuan,Sumatera Utara
DAFTAR ATM OPERASIONAL BANK MANDIRI,,
ALAMAT,KOTA,PROVINSI
"Jl. Lintas Sumatera, Bunut Kec. Kota Kisaran Barat, Kabupaten Asahan",Kabupaten Asahan,Sumatera Utara
"Jl. Putri Merak Jingga No.3, Kesawan, Kec. Medan Bar., Kota Medan, Sumatera Utara 20231, Indonesia",Kota Medan,Sumatera Utara
"Jl. Imam Bonjol No.32, RT.00, J A T I, Kec. Medan Maimun, Kota Medan, Sumatera Utara 20151, Indonesia",Kota Medan,Sumatera Utara
"Kenangan Baru, Percut Sei Tuan, Kabupaten Deli Serdang, Sumatera Utara 20371, Indonesia",Kota Medan,Sumatera Utara
"Dusun Pengkolan, Bosar Maligas, Simalungun Regency, North Sumatra 21183",Kabupaten Simalungun,Sumatera Utara
"Jalan Lintas Sumatera, Ujung Serdang, Tanjung Morawa, Kabupaten Deli Serdang",Kota Medan,Sumatera Utara
"Jl. M. Basir No.12a, Pangkalan Masyhur, Kec. Medan Johor, Kota Medan, Sumatera Utara 20143, Indonesia",Kota Medan,Sumatera Utara
"Jl. Marelan Raya No.207, Tanah Enam Ratus, Kec. Medan Marelan",Kota Medan,Sumatera Utara
"Komplek Tasbi 2 Blok V No. 5/6, Jl. Arteri Ring Road, Asam Kumbang, Medan Selayan, Asam Kumbang,",Kota Medan,Sumatera Utara
"Jl. Kapten Patimura No.348, Darat, Kec. Medan Baru, Kota Medan, Sumatera Utara 20222, Indonesia",Kota Medan,Sumatera Utara
"Jl. Gedung Arca No.55, RT.02, Teladan Bar., Kec. Medan Kota, Kota Medan, Sumatera Utara 20217, Indonesia",Kota Medan,Sumatera Utara
"Jl. Bromo No.88, RT.02, Binjai, Kec. Medan Denai, Kota Medan, Sumatera Utara 20226, Indonesia",Kota Medan,Sumatera Utara
"Jl. Lintas Kotapinang-Langgapayung, Desa Sabungan, Kec. Sungai Kanan",Kabupaten Labuhanbatu Selata,Sumatera Utara
"Jl. Lintas Sumatera Ptpn Iv Kebun Air Batu, Sumatra Utara",Kabupaten Asahan,Sumatera Utara
"Kebun Marjandi, Marjandi Panombean Panei, Kab. Simalungun",Kabupaten Simalungun,Sumatera Utara
"Jl. Gelatik, Sei Sikambing B, Medan Sunggal, Deli Serdang Regency, North Sumatra 20123",Kota Medan,Sumatera Utara
"Jl. Raya Medan Tenggara No.306, Binjai, Kec. Medan Denai, Kota Medan, Sumatera Utara 20228, Indonesia",Kota Medan,Sumatera Utara
"Jl. Kapt. Muslim No. 8 Helvetia, Kota Medan, Sumatra Utara",Kota Medan,Sumatera Utara
"Tj. Morawa, Kabupaten Deli Serdang, Sumatera Utara",Kota Medan,Sumatera Utara
"Jl. Slamet Riyadi No.6, J A T I, Kec. Medan Maimun, Kota Medan, Sumatera Utara 20151, Indonesia",Kota Medan,Sumatera Utara
"Jl. Raya Tambunan, Pasar Laguboti  Kec. Lauboti Kab. Tobasamosir",Kabupaten Toba Samosir,Sumatera Utara
"Jl. Pintu Air IV No.226, Kwala Bekala, Kec. Medan Johor, Kota Medan, Sumatera Utara 20143, Indonesia",Kota Medan,Sumatera Utara
"Jl. Abdul Hakim No. 1 A Kel Tanjung Sari, Padang Bulan Selayang Ii, Medan Selayang",Kota Medan,Sumatera Utara
"Siantar-Marihat, Kab. Simalungun, Kabupaten Simalungun, Sumatra Utara",Kabupaten Simalungun,Sumatera Utara
"Jl. Raya Lintas Sumatera - Ptpn Iii Kebun Baruhur, Cikampak",Kabupaten Labuhanbatu Selata,Sumatera Utara
"Jl. Sunggal No.60, Simpang Tj., Kec. Medan Sunggal",Kota Medan,Sumatera Utara
"Jln. Pasar Viii Batang Kuis, Kel. Buntu Badimbar, Kec. Tanjung Morawa",Kabupaten Deli Serdang,Sumatera Utara
"Jl. SM Amin No.129, Simpang Baru, Kec. Tampan, Kota Pekanbaru, Riau 28292, Indonesia",Kota Medan,Sumatera Utara
"Jl. J. Gatot Subroto, Petisah Tengah, Kec. Medan Petisah,",Kota Medan,Sumatera Utara
"Jalan Jendral Sudirman No 14Medan, Sumatera Utara, Indonesia",Kota Medan,Sumatera Utara
"Jl. Tuasan No.74o, Sidorejo Hilir, Kec. Medan Tembung, Kota Medan, Sumatera Utara 20222, Indonesia",Kota Medan,Sumatera Utara
"Jl. Lingkar Tuktuk, Siadong Kec. Simanindo 22395, Sumatra Utara",Kabupaten Samosir,Sumatera Utara
"Jl. Lintas Sumatera, Blok Songo, Desa Sisumut, Kota Pinang",Kabupaten Labuhanbatu Selata,Sumatera Utara
"Jl. Cemara, Sampali, Percut Sei Tuan, Kabupaten Deli Serdang, Sumatra Utara",Kabupaten Deli Serdang,Sumatera Utara
"Jl. Pematang Purba -Prapat Simantin, Pematang Sidamanik",Kabupaten Simalungun,Sumatera Utara
"Jl. Pertahanan No.102, Patumbak Kp., Kec. Patumbak, Kabupaten Deli Serdang,",Kabupaten Deli Serdang,Sumatera Utara
"Jl. Patuan Anggi No 56, Suka Dame Kec. Siantar Kota",Kota Pematang Siantar,Sumatera Utara
"Jl.Sutomo,pusat pasar kec,Medan kota, Kota Medan, Sumatra Utara",Kota Medan,Sumatera Utara
"Gg. Sumbadra No.265, Pulo Brayan Darat I, Kec. Medan Tim., Kota Medan, Sumatera Utara 20236, Indonesia",Kota Medan,Sumatera Utara
"Jl. Jend. Tb. Simatupang No.148 Sunggal, Sumatra Utara",Kota Medan,Sumatera Utara
"Jl. Willem Iskandar No.229, Dalan Lidang, Panyabungan",Kabupaten Mandailing Natal,Sumatera Utara
"Jalan Berdikari No.1A Desa Lao Bakeri, Sampe Cita, Kutalimbaru, Kabupaten Deli Serdang,",Kabupaten Deli Serdang,Sumatera Utara
"Jl. Lintas Sumatra No.12, Bakaran Batu, Rantau Sel., Kabupaten Labuhan Batu, Sumatera Utara 21411, Indonesia",Kabupaten Labuhanbatu,Sumatera Utara
"Komp  Pt. Inalum Tanjung Gading, Asah, Kabupaten Batu Bara, Sumatra Utara",Kabupaten Batu Bara,Sumatera Utara
"No.Km.7 Jl. Sisingamangaraja No.43, RT.02, Harjosari II, Kec. Medan Amplas, Kota Medan, Sumatera Utara 20214",Kota Medan,Sumatera Utara
"Jl. Imam Bonjol, Madras Hulu, Kec. Medan Polonia, Sumatra Utara",Kota Medan,Sumatera Utara
"Jl. Negeri Lama Desa Pangkatan, Labuhan Batu , Sumatra Utara",Kota Rantauprapat,Sumatera Utara
Jl Yos Sudarso 78 Km 46 Kl. Lalang Kec. Rambutan Kota Tebing Tinggi Spbu 14.206.162,Kota Tebing Tinggi,Sumatera Utara
"Jl. Industri No. 60, Dsn 1 Tanjung Morawa, Deli Serdang",Kota Medan,Sumatera Utara
"Jln. Prof. H. M Yamin Sh No. 47, Kota Medan, Sumatra Utara",Kota Medan,Sumatera Utara
"Jl. Putri Merak Jingga, Kesawan, Kec. Medan Bar., Kota Medan,",Kota Medan,Sumatera Utara
"Alfamidi Ringroad, Dwi Kora, Kec. Medan Helvetia, Kota Medan, Sumatera Utara, Indonesia",Kota Medan,Sumatera Utara
Jl Lintas Sumatera No 17 Sei Balai Kabupaten Batubara,Kabupaten Batu Bara,Sumatera Utara
"Jl. Besar Bahapal Desa Laras, Kec. Bandar Huluan, Kab. Simalungun",Kabupaten Simalungun,Sumatera Utara
"Tinjowan, Ujung Padang, Kab Simalungun, Sumatra Utara",Kabupaten Simalungun,Sumatera Utara
"Jl. Lintas Sumatera, Sail, Tenayan Raya, Pekanbaru City, Riau 28131",Kabupaten Labuhanbatu,Sumatera Utara
"Jl. Mustang, Suka Damai, Kec. Medan Polonia, Sumatra Utara",Kota Medan,Sumatera Utara
"Jl. Batang Kuis, Gang. Tambak Rejo / Psr.Ix, Buntu Bedimbar, Tanjung Morawa, Buntu Bedimbar, Tj. Morawa",Kabupaten Deli Serdang,Sumatera Utara
"Jl. Titi Pahlawan, Paya Pasir, Medan Marelan, Kota Medan, Sumatera Utara 20252",Kota Medan,Sumatera Utara
"Jl. Prof. Hm. Yamin Sh No.56, Sei Kera Hilir Ii, Medan Perjuangan, Kota Medan, Sumatera Utara 20232",Kota Medan,Sumatera Utara
"Jl. Sei Mencirim, Desa Paya Geli Medan, Sumatera Utara",Kota Medan,Sumatera Utara
DAFTAR ATM OPERASIONAL BANK MANDIRI,,
ALAMAT,KOTA,PROVINSI
"Jalan Jamin Ginting, Kilo Meter 9, Simpang Simalingkar, Mangga, Kec. Medan Tuntungan, Kota Medan, Sumatera",Kota Medan,Sumatera Utara
"Jl. Menteng Raya, Binjai, Kec. Medan Denai, Kota Medan,",Kota Medan,Sumatera Utara
"Jl. Perjuangan No 37, Kel. Pekan, Dolok Masihul, Sumatra Utara",Kabupaten Serdang Bedagai,Sumatera Utara
"Jl.Raya Lintas Sumatera, Aek Batu, Desa Asam Jawa, Kec.Torgamba",Kabupaten Labuhanbatu Selata,Sumatera Utara
"Pasar 7 Jl. Marindal, Mekar Sari, Kec. Medan Amplas, Kota Medan,",Kota Medan,Sumatera Utara
"Jl. Pasar Pusat Pasar No.1-A Lantai 2 Losd Ikan Basah, Pusat Ps., Pusat Ps., Medan Kota, Kota Medan, Sumatera U",Kota Medan,Sumatera Utara
"Jl. Sukarno Hatta Km.18,5 Binjai, Kota Medan, Sumatra Utara",Kota Medan,Sumatera Utara
"Jl. Marelan Raya No.21, Rengas Pulau, Kec. Medan Marelan, Kota Medan, Sumatera Utara 20254, Indonesia",Kota Medan,Sumatera Utara
"Ps. V Jl. Marelan Raya No.18, Tanah Enam Ratus, Medan Marelan, Kota Medan, Sumatera Utara 20255",Kota Medan,Sumatera Utara
"Jl. Kartini Ujung, Pematang Siantar, Kota Pematang Siantar, Sumatra Utara",Kota Pematang Siantar,Sumatera Utara
"Desa Tanjung Mulia Kec. Kampung Rakyat, Kota Pinang",Kabupaten Labuhanbatu Selata,Sumatera Utara
"Jl. Tembakau Raya No.74, Mangga, Kec. Medan Tuntungan, Kota Medan, Sumatera Utara 20141, Indonesia",Kota Medan,Sumatera Utara
"Jl. Marelan Raya, Rengas Pulau, Medan Marelan, Kota Medan, Sumatera Utara 20254",Kota Medan,Sumatera Utara
"Jl. Perhubungan No.7 Simp Veteran, Deli Serdang, Sumatra Utara",Kabupaten Deli Serdang,Sumatera Utara
"Jl. Setia Budi No.141a, Tj. Sari, Kec. Medan Selayang, Kota Medan, Sumatera Utara 20132, Indonesia",Kota Medan,Sumatera Utara
"Jl. Williem Iskandar, Indra Kasih, Kec. Medan Tembung, Kota Medan,",Kabupaten Deli Serdang,Sumatera Utara
"Komplek Mmct, Jl. Williem Iskandar No.30, Kenangan Baru, Kec. Percut Sei Tuan, Kota Medan,",Kota Medan,Sumatera Utara
"Jl. Melati Raya No.16, Sempakata, Kec. Medan Selayang, Kota Medan,",Kota Medan,Sumatera Utara
"Huta Lombang, Lubuk Barumun, Kabupaten Padang Lawas, Sumatera Utara 22763",Kabupaten Padang Lawas,Sumatera Utara
"Jl. Tahi Bonar Simatupang No.152, Sunggal, Medan Sunggal, Kota Medan, Sumatera Utara 20127",Kota Medan,Sumatera Utara
"Jl. Jamin Ginting Binjai Selatan, Kota Medan, Sumatra Utara",Kota Medan,Sumatera Utara
"Jl. Besar Negeri Lama - Labuhanbatu, Kabupaten Labuhanbatu, Sumatra Utara",Kabupaten Labuhanbatu,Sumatera Utara
"Jl. Setia Budi No.283, Tj. Sari, Kec. Medan Selayang",Kota Medan,Sumatera Utara
"Jl. Raya Mandailing Km. 9,4, Desa Manunggang Julu, Sumatra Utara",Kota Padang Sidempuan,Sumatera Utara
"Jl. Sisingamangaraja, Sitoluama, Laguboti, Sitoluama, Lagu Boti, Kabupaten Toba Samosir, Sumatera Utara 22381",Kabupaten Toba Samosir,Sumatera Utara
"Jl. Sei Batang Hari No.2  Medan, Kota Medan, Sumatra Utara",Kota Medan,Sumatera Utara
"Jl. Gabion, Bagan Deli, Medan Kota Belawan, Kota Medan, Sumatera Utara",Kota Medan,Sumatera Utara
"Perkebunan Tanh Titam Ulu, Kec. Limapuluh Kabupaten Batubara",Kabupaten Batu Bara,Sumatera Utara
"Kompl Kek Sei Mangkei Jl Kelapa Sait No 1, Sumatra Utara",Kabupaten Simalungun,Sumatera Utara
"Jl. Gatot Subroto No.242, Sei Sikambing C. II, Kec. Medan Sunggal, Kota Medan, Sumatera Utara 20123, Indonesia",Kota Medan,Sumatera Utara
"Gn. Bayu, Bosar Maligas, Kabupaten Simalungun, Sumatera Utara 21183, Indonesia",Kabupaten Simalungun,Sumatera Utara
"Jl. Raya Merek-Sidikalang No.137, Merek, Kabupaten Karo, Sumatera Utara 22173, Indonesia",Kabupaten Karo,Sumatera Utara
"Jln. Kapten Batu Sihombing, Medan Estate, Sumatra Utara",Kabupaten Deli Serdang,Sumatera Utara
Jln. Mangaan Iii Lk Xii No.105 A Kel. Mabar Kec. Medan Deli,Kota Medan,Sumatera Utara
"Jl.Soekarno Hatta No.53 Tanah Tinggi  Binjai, Sumatra Utara",Kota Medan,Sumatera Utara
"Lingkungan Pasiran No.153 Kel, Simpang Tiga Pekan, Kec. Perbaungan, Kabupaten Serdang Bedagai, Sumatera Ut",Kabupaten Perbaungan,Sumatera Utara
"Jl. Sisingamangaraja No.67, Kisarn Tim., Kec. Kisaran Tim., Kabupaten Asahan, Sumatera Utara 21221, Indonesia",Kabupaten Karo,Sumatera Utara
"Jl.Lintas Sumatera, Aek Ledong, Aek Kanopan, Sumatra Utara",Kabupaten Labuhanbatu Utara,Sumatera Utara
"Jln. Jawa No. 2 Simpang Jl. Veteran Medan, Sumatra Utara",Kota Medan,Sumatera Utara
Jl. Padangsidempuan Km7.5 Desa Sibuluan Tapanuli Tengah,Kabupaten Tapanuli Tengah,Sumatera Utara
"Jl. Kl Yos Sudarso Km.7,5, Tj. Mulia, Medan Deli, Kota Medan, Sumatera Utara 20241",Kota Medan,Sumatera Utara
"Batam, Batam City, Riau Islands, Indonesia",Kabupaten Asahan,Sumatera Utara
"Jl. Dr. Mansyur, Padang Bulan Selayang I, Kec. Medan Selayang,",Kota Medan,Sumatera Utara
"Jl. Letda Sujono No.138A, Tembung, Kec. Medan Tembung,",Kota Medan,Sumatera Utara
"Jl. Kl Yos Sudarso No.338, Glugur Kota, Kec. Medan Bar.,",Kota Medan,Sumatera Utara
"JL.by Pass / Kapt Sumarsono 81, Medan Kota, Medan , Sumatera Utara, Kampung Lalang, Sunggal, Deli Serdang R",Kota Medan,Sumatera Utara
"JL. LINTAS GUNUNG TUA, KEC. SUNGAI KANAN - LANGGA PAYUNG, KAB. LABUHANBATU SELATAN, SUMATERA U",Kota Pinang,Sumatera Utara
"Jl. Jenderal Sudirman No.145, Bagan Batu, Kec. Bagan Sinembah, Kabupaten Rokan Hilir, Riau 28992, Indonesia",Kota Medan,Sumatera Utara
"Dolok Merangir Satu, Pos Serbelawan Dolok Merangir Batu Naggarkab. Simalungun",Kabupaten Simalungun,Sumatera Utara
"Jl. Platina Raya No.43, Rengas Pulau, Kec. Medan Marelan, Kota Medan, Sumatera Utara 20255, Indonesia",Kota Medan,Sumatera Utara
"Jl. Gagak Hitam No.118, Sei Sikambing B, Kec. Medan Sunggal, Kota Medan, Sumatera Utara 20122, Indonesia",Kota Medan,Sumatera Utara
"Jln. Tritura No. 2, Suka Maju, Kec. Medan Johor, Kota Medan",Kota Medan,Sumatera Utara
"Perkebunan Sei Kebara, Desa Aek Batu, Kec. Torgamba",Kabupaten Labuhanbatu Selata,Sumatera Utara
"Jl. Kapten Purba No. 1, Simalingkar, Kabupaten Deli Serdang, Sumatra Utara",Kabupaten Deli Serdang,Sumatera Utara
"Balimbingan, Kec. Tanah Jawa, Kab. Simalungun, Sumatra Utara",Kabupaten Simalungun,Sumatera Utara
"Bukti Maradja,Gunung Malela Kab. Simalungun, Sumatra Utara",Kabupaten Simalungun,Sumatera Utara
"Jl. Lintas Sumatera Ptpn Ivkebun Berangir, Labuhan Batu",Kabupaten Labuhanbatu,Sumatera Utara
"Jl. Brigjend Zein Hamid No.44a, Titi Kuning, Kec. Medan Johor, Kota Medan, Sumatera Utara 20219, Indonesia",Kota Medan,Sumatera Utara
"Jl. Hang Tuah, Batu Besar, Kecamatan Nongsa, Kota Batam, Kepulauan Riau 29465, Indonesia",Kota Medan,Sumatera Utara
"Jl. Gagak Hitam, Sunggal, Kec. Medan Sunggal, Sumatra Utara",Kota Medan,Sumatera Utara
"Mabar Jl. Kol. Yos Sudarso KM.8,8 No.88, M A B A R, Kec. Medan Deli, Kota Medan, Sumatera Utara 20242, Indon",Kota Medan,Sumatera Utara
DAFTAR ATM OPERASIONAL BANK MANDIRI,,
ALAMAT,KOTA,PROVINSI
"Jln. Mangkubumi No. 3-5 Kel. Aur, Kec. Medan Maimun",Kota Medan,Sumatera Utara
"Jl. Kolonel Yos Sudarso, Pulo Brayan Kota, Medan, Kota Medan,",Kota Medan,Sumatera Utara
"Jl. Gatot Subroto No.395, Sei Sikambing D, Kec. Medan Petisah, Kota Medan,",Kota Medan,Sumatera Utara
"Jl. Garu II A No.52, Harjosari I, Kec. Medan Amplas, Kota Medan, Sumatera Utara 20147, Indonesia",Kota Medan,Sumatera Utara
"Tonduhan, Kec. Hatonduhan, Kab. Simalungun, Sumatra Utara",Kabupaten Simalungun,Sumatera Utara
"Jl. Soedirman Kel pardamean Kec Stabat Langkat, Sumatra Utara",Kota Stabat,Sumatera Utara
"Jl. Kapten Muslim No.139, Dwi Kora, Kec. Medan Helvetia, Kota Medan, Sumatera Utara 20123, Indonesia",Kota Medan,Sumatera Utara
"Jl. Pasar V Kebun Kelapa, Kualanamu, Penara Kebun, Tj. Morawa, Kabupaten Deli Serdang, Sumatera Utara 20552",Kabupaten Deli Serdang,Sumatera Utara
Jln. Setia Budi No.159 Kel Tanjung Rejo Kec. Medan Sunggal,Kota Medan,Sumatera Utara
"Dolok Sinumbah,Kec. Huta Bayu Raja, Kab. Simalungun",Kabupaten Simalungun,Sumatera Utara
"Jl. Gatot Subroto No.288, Sei Putih Tengah, Kec. Medan Petisah",Kota Medan,Sumatera Utara
Jl. Raya Lubuk Pakam Desa Firdaus(Spbu 14.205.1139),Kota Lubuk Pakam,Sumatera Utara
Jl. Sutomo No 5Bb-5Cc  Proklamasi Siantar Barat Proklamasi,Kota Pematang Siantar,Sumatera Utara
"Jl. Tol Medan - Kuala Namu - Tebing Tinggi, Penara Kebun, Tj. Morawa",Kabupaten Deli Serdang,Sumatera Utara
"Jl. Di Panjaitan Depan Terminal Madya Tarutung, Sumatra Utara",Kabupaten Tapanuli Utara,Sumatera Utara
"Jl. Suka Mulia No.17A, A U R, Kec. Medan Maimun,, Sumatra Utara",Kota Medan,Sumatera Utara
"Jl. Pulau Sicanang, Belawan Pulau Sicanang Medan Kota Belawan",Kota Medan,Sumatera Utara
"L. Sisingamangaraja, Bukit Sofa, Siantar Sitalasari, Kota Pematang Siantar, Sumatera Utara 21139",Kota Pematang Siantar,Sumatera Utara
"Jl. Brigjend Katamso, Kp. Baru, Kec. Medan Maimun, Kota Medan,",Kota Medan,Sumatera Utara
"Jl. Gagak Hitam No.70c, Sunggal, Kec. Medan Sunggal, Kota Medan, Sumatera Utara 20122, Indonesia",Kota Medan,Sumatera Utara
"Jl. Amal Luhur No.10, Dwi Kora, Kec. Medan Helvetia, Kota Medan, Sumatera Utara 20118, Indonesia",Kota Medan,Sumatera Utara
"Harjosari I, Medan Amplas, Medan City,, Kota Medan, Sumatra Utara",Kota Medan,Sumatera Utara
"Sei Sikambing B, Medan Sunggal, Kota Medan, Sumatera Utara 20123",Kota Medan,Sumatera Utara
"Kompleks Ruko Jip, Jl. Karya Wisata, Gedung Johor, Kec. Medan Johor, Kota Medan,",Kota Medan,Sumatera Utara
"Jl. Sumarsono No.65, Kp. Lalang, Kec. Sunggal, Kabupaten Deli Serdang, Sumatera Utara 20117, Indonesia",Kota Medan,Sumatera Utara
"Jl. Gajah Mada No.50, Sei Sikambing D, Kec. Medan Petisah, Kota Medan, Sumatera Utara 20114, Indonesia",Kota Medan,Sumatera Utara
"Jl. Dr. Mansyur, Merdeka, Medan Baru, Kota Medan, Sumatera Utara 20153",Kota Medan,Sumatera Utara
"Jl. Karya Wisata, Pangkalan Masyhur, Kec. Medan Johor, Kota Medan,",Kota Medan,Sumatera Utara
"Jl. Imam Bonjol No. 7, Petisah Tengah, Kota Medan, Sumatra Utara",Kota Medan,Sumatera Utara
"Jl. Dahlan Tj., Limau Manis, Tj. Morawa, Kabupaten Deli Serdang, Sumatera Utara 20362",Kabupaten Deli Serdang,Sumatera Utara
"Jl.Jend.Gatot Subroto No.99 Sunggal, Kota Medan, Sumatra Utara",Kota Medan,Sumatera Utara
"Jl. Jawa No.8, Gg. Buntu, Kec. Medan Tim., Kota Medan, Sumatera Utara 20236, Indonesia",Kota Medan,Sumatera Utara
"Jl. Panca Marga, Tj. Uban Utara, Bintan Utara, Kabupaten Bintan, Kepulauan Riau 29152, Indonesia",Kota Medan,Sumatera Utara
"Jl. Setia Budi Setiabudi Square No.1, Tj. Sari, Kec. Medan Selayang, Kota Medan, Sumatera Utara 20133, Indonesia",Kota Medan,Sumatera Utara
"Wisam Kawasan Industri Medan Jl. Pulau Batam No.1, Sumatra Utara",Kota Medan,Sumatera Utara
"Jl. Dr Mansyur No.58 Pintu Ii Gallery Atm, Medan, Sumatra Utara",Kota Medan,Sumatera Utara
"Jl. Denai, Tegal Sari Mandala Ii, Medan Denai, Kota Medan, Sumatera Utara 20227",Kota Medan,Sumatera Utara
"Jl. Imam Bonjol No.6, Suka Damai, Kec. Medan Polonia, Kota Medan,",Kota Medan,Sumatera Utara
"JL. SISINGAMANGARAJA NO.168 KEL. BAKARAN BATU, KEC. RANTAUPRAPAT",Kota Rantauprapat,Sumatera Utara
"Kenangan Baru, Percut Sei Tuan, Deli Serdang Regency, North Sumatra 20223",Kota Medan,Sumatera Utara
"Jl. Dagan No.1d, Sekip, Kec. Medan Petisah, Kota Medan, Sumatera Utara 20111, Indonesia",Kota Medan,Sumatera Utara
"Jl. Tritura Simpang Sisingamangaraja, Kota Medan, Sumatra Utara",Kota Medan,Sumatera Utara
"Jl. Brigjend Zein Hamid No.40, Titi Kuning, Kec. Medan Johor, Kota Medan,",Kota Medan,Sumatera Utara
"Komp.Pertamina Sumbagut Pb20857, Kabupaten Langkat, Sumatra Utara",Kabupaten Langkat,Sumatera Utara
"Desa Torganda, Kec. Torgamba, Cikampak - Labuhanbatu Selatan",Kabupaten Labuhanbatu Selata,Sumatera Utara
"Perkebunan Sei Silau, Kec.Buntu Pane Kisaran, Sumatra Utara",Kabupaten Asahan,Sumatera Utara
"Sei Nadoras, Bandar Pasir Mandoge, Kisaran, Sumatra Utara",Kabupaten Asahan,Sumatera Utara
"Jl. Kol. Yos Sudarso No.410, Silalas, Kec. Medan Bar., Kota Medan, Sumatera Utara 20234, Indonesia",Kota Medan,Sumatera Utara
"Jl. Dagan No.1d, Sekip, Kec. Medan Petisah, Kota Medan, Sumatera Utara 20111, Indonesia",Kota Medan,Sumatera Utara
"Plaza medan fair, Jl. Gatot Subroto, Sekip, Kec. Medan Petisah, Kota Medan, Sumatera Utara 20113, Indonesia",Kota Medan,Sumatera Utara
"Plaza medan fair, Jl. Gatot Subroto, Sekip, Kec. Medan Petisah, Kota Medan, Sumatera Utara 20113, Indonesia",Kota Medan,Sumatera Utara
"Jl. Merdeka No.329, Pematangsiantar, Kota Pematang Siantar, Sumatra Utara",Kota Pematang Siantar,Sumatera Utara
"Jl. Gatot Subroto, No. 170, Binjai Barat, Limau Mungkur, Binjai, Kota Binjai, Sumatera Utara 20741",Kota Medan,Sumatera Utara
"Jln. Kolam Nomor 1 Medan Estate / Jalan Gedung Pbsi, Kenangan Baru, Percut Sei Tuan, Medan",Kabupaten Deli Serdang,Sumatera Utara
"Jl. Medan - Binjai, Sei Semayang, Sunggal, Kabupaten Deli Serdang, Sumatera Utara 20351",Kota Binjai,Sumatera Utara
Jln. Tanjung Pura Ds Palu Manis Kec Gebang Langkat,Kota Langkat,Sumatera Utara
"Desa Siring Giting, Dolok Masihul, Serdang Bedagai, Sumatra Utara",Kota Tebing Tinggi,Sumatera Utara
"Hotel grandhika, Jl. Setia Budi, Tj. Rejo, Kec. Medan Sunggal, Kota Medan, Sumatera Utara 20154, Indonesia",Kota Medan,Sumatera Utara